Workbook

Sheet Resumo
A1: Cotações de sinalização × necessidade do plano — 24/09/2026
A2: Eleições 2026 · Posto de Dublin · RDS Hall 2. Duas cotações recebidas em 24/09 contra as 40 peças (+ fixação) do artefato de 23/09.
B4: Banner Printing (e-mail) | C4: Snap Leeson (ref. 1554129) | D4: Helloprint (ref. 18/09) | E4: Nota
A5: Como foi cotado — subtotal sem IVA | B5: ='Banner Printing'!D13 -> 3914 | C5: ='Snap Leeson'!D13 -> 4453 | E5: Snap: sem a linha Premium (alternativa aos Basic). Helloprint: referência de 18/09, não foi pedido de novo.
A6: Como foi cotado — total com IVA | B6: ='Banner Printing'!D15 -> 4814.22 | C6: ='Snap Leeson'!D15 -> 5477.19
A7: Pedido corrigido — subtotal sem IVA (linhas com preço) | B7: ='Banner Printing'!G13 -> 3108 | C7: ='Snap Leeson'!G13 -> 4129 | D7: =Comparativo!D13 -> 1234.37 | E7: Só o que cada gráfica já precificou; ver linhas "a cotar".
A8: Pedido corrigido — IVA 23% | B8: ='Banner Printing'!G14 -> 714.84 | C8: ='Snap Leeson'!G14 -> 949.67 | D8: =Comparativo!D14 -> 283.9051
A9: Pedido corrigido — total com IVA | B9: ='Banner Printing'!G15 -> 3822.84 | C9: ='Snap Leeson'!G15 -> 5078.67 | D9: =Comparativo!D15 -> 1518.2751
A10: Diferença da correção (sem IVA) | B10: ='Banner Printing'!H13 -> -806 | C10: ='Snap Leeson'!H13 -> -324 | E10: Negativo = o pedido corrigido fica mais barato do que o cotado.
A11: Linhas ainda por cotar | B11: =COUNTIF('Banner Printing'!G5:G12,"a cotar") -> 3 | C11: =COUNTIF('Snap Leeson'!G5:G12,"a cotar") -> 2 | D11: 0 | E11: Banner Printing: vinil, correx, fixação. Snap: vinil, fixação.
A13: O que dizer a cada gráfica
A14: Item | B14: Banner Printing | C14: Snap Leeson | D14: Certo (artefato) | E14: O que corrigir
A15: Fence banner 2080 × 820 mm (mesh) | B15: 12 × € 70 | C15: 12 × € 110 (lote € 1.320) | D15: 12 (fichas: 11) | E15: Nada a corrigir no pedido. Internamente: confirmar 12 × 11 antes de fechar.
A16: Banner PVC 2000 × 1000 mm | B16: 12 × € 74 | C16: 12 × € 110 (lote € 1.320) | D16: 3 | E16: Reduzir de 12 para 3. As 12 foram copiadas do número de fence banners.
A17: Pull-up 1000 × 2000 mm | B17: 3 × € 149 | C17: 1 × € 333 | D17: 3 | E17: Snap: subir de 1 para 3. Banner Printing está certo.
A18: Pull-up 850 × 2000 mm | B18: 16 × € 99 | C18: 16 × € 90 (Basic) ou € 154,69 (Premium) | D18: 16 | E18: Nada a corrigir. Snap: escolher Basic ou Premium.
A19: Vinil recortado para vidro 1200 × 700 mm | B19: 4 × "90 × 90 cm custom banner" a € 35 | C19: não cotado | D19: 4 | E19: Banner Printing: trocar o banner 90 × 90 por vinil adesivo recortado (letras A/B/C de 300 mm + pictogramas da S7), removível. Snap: pedir a linha.
A20: Placa correx 4 mm A2 (594 × 420) | B20: não cotado | C20: 2 × € 20 (corriboard 5 mm) | D20: 2 | E20: Banner Printing: pedir a linha. Snap está certo (5 mm serve).
A21: Fixação (tie wraps, ímãs, fita) | B21: não cotado | C21: não cotado | D21: verba ~€ 40 | E21: Não é item de gráfica; comprar à parte.
A22: Entrega | B22: € 15 | C22: não informado | D22: — | E22: Snap: perguntar frete ou retirada. Prazo: eleição em 04/10.
A24: Ressalvas
A25: 1. Fence banners: a tabela do artefato diz 12 (10 da cotação de 18/09 + 2º P0-Consulta + Fim da avenida B) e "19 peças externas", mas as fichas peça a peça somam 11 (P0 2+2, P1, P3, P4 ×4, P5-Preferencial). Esta planilha usa 12; se for 11, tire um unitário de cada coluna.
A26: 2. Unitários de lote (Snap) reaplicados a quantidades menores são premissa: 3 PVC e 3 pull-ups largos podem sair mais caros por unidade do que 12 e 1. Pedir a cotação refeita, não só multiplicar.
A27: 3. Os dois totais corrigidos não incluem o vinil recortado nem a fixação; o da Banner Printing também não inclui as placas correx. Comparar só depois de as gráficas cotarem o que falta.
A28: 4. Ambas as gráficas ficam bem acima da referência de 18/09 do Helloprint (ver aba Comparativo, linha "Múltiplo"). O Helloprint, porém, era catálogo online com prazo já vencido e quatro linhas sem preço.
A29: 5. Cores e fonte: rolo azul #33507E, amarelo #E8C63A, vermelho #C8102E (proposta até o rolo chegar), Montserrat. Pedir prova de cor antes de imprimir a tiragem.
A31: Legenda: azul = número digitado das cotações/artefato · amarelo = quantidade a corrigir · vermelho = linha não cotada · verde = linha certa. Preços em EUR, IVA irlandês 23%.

Sheet Necessidade
A1: O que o plano de sinalização precisa (artefato "Plano de Sinalização · Posto de Dublin", rev. 23/09/2026)
A2: Fonte: fichas peça a peça do artefato https://claude.ai/artifact/EUNZhAFtSfUtRrLvqkvFVZ e a tabela "Onde o orçamento vai". Quantidades em azul são as do artefato.
A4: Ponto | B4: Peça | C4: Modelo (linha de cotação) | D4: Medida (mm) | E4: Qtd | F4: Fixação / observação
A5: P0 | B5: Descubra sua seção (QR do TSE) | C5: Fence banner 2080 × 820 mm | D5: 2080 × 820 | E5: 2 | F5: Calçada da Merrion Road, uma de cada lado do portão; tie wraps no gradil
A6: P0 | B6: Tabela mestra na calçada | C6: Fence banner 2080 × 820 mm | D6: 2080 × 820 | E6: 2 | F6: Idem, ao lado de cada P0-Consulta
A7: P1 | B7: Portão de eleitores | C7: Fence banner 2080 × 820 mm | D7: 2080 × 820 | E7: 1 | F7: Tie wraps nas grades do portão
A8: P2 | B8: Lateral leste do Hall 2 | C8: Banner PVC 2000 × 1000 mm | D8: 2000 × 1000 | E8: 3 | F8: Pendurado nas portas de serviço com ganchos magnéticos; parede abriga do vento
A9: P3 | B9: Entrada do Ring 3 | C9: Fence banner 2080 × 820 mm | D9: 2080 × 820 | E9: 1 | F9: Tie wraps na CCB
A10: P4 | B10: Boca da zona C | C10: Fence banner 2080 × 820 mm | D10: 2080 × 820 | E10: 1 | F10: Tie wraps na CCB (cobre o painel de 2,0 m)
A11: P4 | B11: Boca da zona B | C11: Fence banner 2080 × 820 mm | D11: 2080 × 820 | E11: 1 | F11: Idem
A12: P4 | B12: Boca da zona A | C12: Fence banner 2080 × 820 mm | D12: 2080 × 820 | E12: 1 | F12: Idem
A13: P4 | B13: Fim da avenida B | C13: Fence banner 2080 × 820 mm | D13: 2080 × 820 | E13: 1 | F13: Tie wraps na última unifila da avenida B (peça de 23/09)
A14: P5 | B14: Entrada preferencial | C14: Fence banner 2080 × 820 mm | D14: 2080 × 820 | E14: 1 | F14: Tie wraps no gradil do apron
A15: P5 | B15: Letra da porta A no vidro | C15: Vinil recortado por porta | D15: 1200 × 700 | E15: 1 | F15: Vinil adesivo recortado, colado no vidro, sai sem resíduo; letra de 300 mm
A16: P5 | B16: Letra da porta B no vidro | C16: Vinil recortado por porta | D16: 1200 × 700 | E16: 1 | F16: Idem
... A24: — | B24: Fixação (tie wraps, ímãs, fita) | C24: Fixação | D24: — | E24: 1 | F24: Verba; nenhuma das duas gráficas cotou
B25: Total de peças | E25: =SUM(E5:E24) -> 40
A27: Resumo por linha de cotação
A28: # | B28: Modelo (linha de cotação) | C28: Qtd no artefato | D28: Qtd nas fichas | E28: Diferença | F28: Observação
A29: 1 | B29: Fence banner 2080 × 820 mm | C29: 12 | D29: =SUMIF($C$5:$C$24,B29,$E$5:$E$24) -> 11 | E29: =C29-D29 -> 1 | F29: A tabela do artefato diz 12 (e "19 peças externas"), mas as fichas peça a peça somam 11. Confirmar antes de fechar o pedido — ver aba Resumo.
A30: 2 | B30: Banner PVC 2000 × 1000 mm | C30: 3 | D30: =SUMIF($C$5:$C$24,B30,$E$5:$E$24) -> 3 | E30: =C30-D30 -> 0
A31: 3 | B31: Vinil recortado por porta | C31: 4 | D31: =SUMIF($C$5:$C$24,B31,$E$5:$E$24) -> 4 | E31: =C31-D31 -> 0 | F31: Não é banner: é letra/pictograma em vinil adesivo recortado para vidro, 1200 × 700 mm.
A32: 4 | B32: Pull-up 1000 × 2000 mm | C32: 3 | D32: =SUMIF($C$5:$C$24,B32,$E$5:$E$24) -> 3 | E32: =C32-D32 -> 0
A33: 5 | B33: Pull-up 850 × 2000 mm | C33: 16 | D33: =SUMIF($C$5:$C$24,B33,$E$5:$E$24) -> 16 | E33: =C33-D33 -> 0
A34: 6 | B34: Placa correx 4 mm A2 | C34: 2 | D34: =SUMIF($C$5:$C$24,B34,$E$5:$E$24) -> 2 | E34: =C34-D34 -> 0 | F34: Snap cotou corriboard 5 mm; serve.
A35: 7 | B35: Fixação | C35: 1 | D35: =SUMIF($C$5:$C$24,B35,$E$5:$E$24) -> 1 | E35: =C35-D35 -> 0 | F35: Verba, não é item de gráfica.
B36: Total | C36: =SUM(C29:C35) -> 41 | D36: =SUM(D29:D35) -> 40 | E36: =SUM(E29:E35) -> 1

Sheet Banner Printing
A1: Banner Printing — o que foi cotado × o que o plano precisa
A2: E-mail de Declan (Banner Printing, Clondalkin), 24/09/2026 — preços unitários "plus VAT"
A4: Item na cotação | B4: Qtd cotada | C4: Unit. (s/ IVA) | D4: Total cotado | E4: Corresponde a | F4: Qtd correta | G4: Total corrigido | H4: Diferença | I4: Observação
A5: Fence Banner 2080 × 820 mm, MESH PVC | B5: 12 | C5: 70 | D5: =B5*C5 -> 840 | E5: Fence banner 2080 × 820 mm | F5: 12 | G5: =IF(ISNUMBER(F5),F5*C5,"a cotar") -> 840 | H5: =IF(ISNUMBER(G5),G5-D5,-D5) -> 0 | I5: Quantidade certa (pela tabela do artefato; as fichas somam 11 — confirmar). Mesh recomendado pelo fornecedor por deixar o vento passar: bom para o gradil da Merrion Road e para as CCBs.
A6: PVC Banner 2000 × 1000 mm | B6: 12 | C6: 74 | D6: =B6*C6 -> 888 | E6: Banner PVC 2000 × 1000 mm | F6: 3 | G6: =IF(ISNUMBER(F6),F6*C6,"a cotar") -> 222 | H6: =IF(ISNUMBER(G6),G6-D6,-D6) -> -666 | I6: ERRO: o plano precisa de 3 (parede leste do Hall 2, P2), não 12. As 12 vieram do número de fence banners.
A7: Pull up Banner 1000 × 2000 mm | B7: 3 | C7: 149 | D7: =B7*C7 -> 447 | E7: Pull-up 1000 × 2000 mm | F7: 3 | G7: =IF(ISNUMBER(F7),F7*C7,"a cotar") -> 447 | H7: =IF(ISNUMBER(G7),G7-D7,-D7) -> 0 | I7: Quantidade certa (painéis das portas A, B e C).
A8: Pull up Banner 850 × 2000 mm | B8: 16 | C8: 99 | D8: =B8*C8 -> 1584 | E8: Pull-up 850 × 2000 mm | F8: 16 | G8: =IF(ISNUMBER(F8),F8*C8,"a cotar") -> 1584 | H8: =IF(ISNUMBER(G8),G8-D8,-D8) -> 0 | I8: Quantidade certa (as 16 placas de grupo).
A9: 90 × 90 cm "Custom Banner" (PVC) | B9: 4 | C9: 35 | D9: =B9*C9 -> 140 | E9: Vinil recortado por porta (1200 × 700 mm) | F9: a cotar | G9: =IF(ISNUMBER(F9),F9*C9,"a cotar") -> a cotar | H9: =IF(ISNUMBER(G9),G9-D9,-D9) -> -140 | I9: ERRO: não é banner. São 4 vinis adesivos recortados para vidro (letras A, B, C de 300 mm e os pictogramas da S7), 1200 × 700 mm cada, removíveis sem resíduo. Pedir preço do item certo; a linha de € 35 sai.
A10: Shipping | B10: 1 | C10: 15 | D10: =B10*C10 -> 15 | E10: Entrega | F10: 1 | G10: =IF(ISNUMBER(F10),F10*C10,"a cotar") -> 15 | H10: =IF(ISNUMBER(G10),G10-D10,-D10) -> 0 | I10: Mantém-se (ou retirada na loja em Clondalkin, se preferirem).
A11: (não cotado) Placa correx 4 mm A2, 594 × 420 mm | B11: 0 | D11: 0 | E11: Placa correx 4 mm A2 | F11: 2 | G11: a cotar | H11: a cotar | I11: Saídas S2 e S8. Faltou no pedido. Snap cotou corriboard 5 mm a € 20/un — referência.
A12: (não cotado) Fixação: tie wraps, ganchos magnéticos, fita | B12: 0 | D12: 0 | E12: Fixação | F12: 1 | G12: a cotar | H12: a cotar | I12: Verba de ~€ 40 no plano; compra à parte, não é item de gráfica.
A13: Subtotal sem IVA (só as linhas com preço) | D13: =SUM(D5:D12) -> 3914 | G13: =SUM(G5:G10) -> 3108 | H13: =G13-D13 -> -806
A14: IVA 23% | B14: 0.23 | D14: =D13*$B$14 -> 900.22 | G14: =G13*$B$14 -> 714.84 | H14: =G14-D14 -> -185.38
A15: Total com IVA | D15: =D13+D14 -> 4814.22 | G15: =G13+G14 -> 3822.84 | H15: =G15-D15 -> -991.38
A17: Fonte: e-mail de Declan, Banner Printing (Monastery Heath Green, Clondalkin, D22 WD29), 24/09/2026. Preços "each plus VAT"; IVA irlandês 23%.
A18: O total corrigido cobre só as linhas que o fornecedor já precificou: faltam os 4 vinis recortados, as 2 placas correx e a fixação.
A19: Premissa: o unitário não muda com a quantidade menor de PVC (12 → 3). Confirmar com o fornecedor.

Sheet Snap Leeson
A1: Snap Leeson — o que foi cotado × o que o plano precisa
A2: Proposta ref. 1554129 (Snap Leeson / JK Printing), 24/09/2026 — preços ex VAT
A4: Item na cotação | B4: Qtd cotada | C4: Unit. (s/ IVA) | D4: Total cotado | E4: Corresponde a | F4: Qtd correta | G4: Total corrigido | H4: Diferença | I4: Observação
A5: Fence Banners, mesh, 2080 × 820 mm, hemmed & eyeletted | B5: 12 | C5: 110 | D5: =B5*C5 -> 1320 | E5: Fence banner 2080 × 820 mm | F5: 12 | G5: =IF(ISNUMBER(F5),F5*C5,"a cotar") -> 1320 | H5: =IF(ISNUMBER(G5),G5-D5,-D5) -> 0 | I5: Quantidade certa (pela tabela do artefato; as fichas somam 11 — confirmar). Cotado como lote: 12 por € 1.320,00.
A6: PVC Banners 2000 × 1000 mm, hemmed & eyeletted | B6: 12 | C6: 110 | D6: =B6*C6 -> 1320 | E6: Banner PVC 2000 × 1000 mm | F6: 3 | G6: =IF(ISNUMBER(F6),F6*C6,"a cotar") -> 330 | H6: =IF(ISNUMBER(G6),G6-D6,-D6) -> -990 | I6: ERRO: o plano precisa de 3, não 12. Cotado como lote (12 por € 1.320,00); o unitário de € 110 para 3 é premissa — pedir novo preço.
A7: Wide Pull Up Banner 1000 × 2000 mm | B7: 1 | C7: 333 | D7: =B7*C7 -> 333 | E7: Pull-up 1000 × 2000 mm | F7: 3 | G7: =IF(ISNUMBER(F7),F7*C7,"a cotar") -> 999 | H7: =IF(ISNUMBER(G7),G7-D7,-D7) -> 666 | I7: ERRO: o plano precisa de 3 (painéis das portas A, B e C); a cotação traz 1. Unitário de € 333 para 3 é premissa.
A8: Basic Pull Up Banners (850 × 2000, non-replaceable stands) | B8: 16 | C8: 90 | D8: =B8*C8 -> 1440 | E8: Pull-up 850 × 2000 mm | F8: 16 | G8: =IF(ISNUMBER(F8),F8*C8,"a cotar") -> 1440 | H8: =IF(ISNUMBER(G8),G8-D8,-D8) -> 0 | I8: Quantidade certa. Lote: 16 por € 1.440,00. Alternativa "Premium" abaixo é OU, não E.
A9: Premium Pull Up Banners (alternativa aos Basic) | B9: 16 | C9: 154.6875 | D9: =B9*C9 -> 2475 | E9: Pull-up 850 × 2000 mm (alternativa) | F9: 0 | G9: 0 | H9: alternativa | I9: Alternativa: 16 por € 2.475,00. Não entra em nenhum dos totais; se escolherem Premium, some € 1.035,00 ao subtotal.
A10: A2 Corriboard Signs, 5 mm, matt vinyl | B10: 2 | C10: 20 | D10: =B10*C10 -> 40 | E10: Placa correx 4 mm A2 | F10: 2 | G10: =IF(ISNUMBER(F10),F10*C10,"a cotar") -> 40 | H10: =IF(ISNUMBER(G10),G10-D10,-D10) -> 0 | I10: Quantidade certa (saídas S2 e S8). 5 mm em vez de 4 mm: serve.
A11: (não cotado) 4 × vinil recortado para vidro, 1200 × 700 mm | B11: 0 | D11: 0 | E11: Vinil recortado por porta (1200 × 700 mm) | F11: 4 | G11: a cotar | H11: a cotar | I11: Letras A, B, C de 300 mm e pictogramas da S7; removível sem resíduo. Faltou no pedido.
A12: (não cotado) Fixação: tie wraps, ganchos magnéticos, fita | B12: 0 | D12: 0 | E12: Fixação | F12: 1 | G12: a cotar | H12: a cotar | I12: Verba de ~€ 40 no plano; compra à parte.
A13: Subtotal sem IVA (só as linhas com preço) | D13: =SUM(D5:D12)-D9 -> 4453 | G13: =SUM(G5:G10) -> 4129 | H13: =G13-D13 -> -324
A14: IVA 23% | B14: 0.23 | D14: =D13*$B$14 -> 1024.19 | G14: =G13*$B$14 -> 949.67 | H14: =G14-D14 -> -74.52
A15: Total com IVA | D15: =D13+D14 -> 5477.19 | G15: =G13+G14 -> 5078.67 | H15: =G15-D15 -> -398.52
A17: Fonte: proposta ref. 1554129 de Snap Leeson (JK Printing Ltd T/A Snap, 12 Sir John Rogerson's Quay, Dublin 2), Declan O'Leary, 24/09/2026. Preços ex VAT; sem linha de entrega.
A18: Unitários calculados a partir dos totais de lote (€ 1.320 / 12; € 1.440 / 16; € 2.475 / 16; € 40 / 2). Recalcular com lotes menores é premissa: gráficas cobram mais por unidade em tiragem menor.
A19: A proposta diz "print-ready PDF with crop marks and bleed": arte final é por nossa conta.

Sheet Comparativo
A1: Pedido corrigido — os três preços lado a lado (sem IVA)
A2: Quantidades: aba Necessidade. Helloprint IE = cotação de referência de 18/09 usada no artefato (catálogo online). Unitários em azul; vazio = não cotado.
A4: Modelo | B4: Qtd | C4: Helloprint unit. | D4: Helloprint total | E4: Banner Printing unit. | F4: Banner Printing total | G4: Snap Leeson unit. | H4: Snap Leeson total | I4: Observação
A5: Fence banner 2080 × 820 mm | B5: =Necessidade!$C$29 -> 12 | C5: 32.4 | D5: =IF(ISNUMBER(C5),$B5*C5,"") -> 388.8 | E5: 70 | F5: =IF(ISNUMBER(E5),$B5*E5,"") -> 840 | G5: 110 | H5: =IF(ISNUMBER(G5),$B5*G5,"") -> 1320 | I5: Helloprint: unitário do artefato. Snap: € 1.320 / 12.
A6: Banner PVC 2000 × 1000 mm | B6: =Necessidade!$C$30 -> 3 | C6: 55 | D6: =IF(ISNUMBER(C6),$B6*C6,"") -> 165 | E6: 74 | F6: =IF(ISNUMBER(E6),$B6*E6,"") -> 222 | G6: 110 | H6: =IF(ISNUMBER(G6),$B6*G6,"") -> 330 | I6: Helloprint: premissa do artefato (não precificada). Snap: € 1.320 / 12, premissa para 3 un.
A7: Vinil recortado por porta | B7: =Necessidade!$C$31 -> 4 | C7: 30 | D7: =IF(ISNUMBER(C7),$B7*C7,"") -> 120 | F7: =IF(ISNUMBER(E7),$B7*E7,"") | H7: =IF(ISNUMBER(G7),$B7*G7,"") | I7: Premissa do artefato; nenhuma das duas gráficas cotou o item certo.
A8: Pull-up 1000 × 2000 mm | B8: =Necessidade!$C$32 -> 3 | C8: 30.86 | D8: =IF(ISNUMBER(C8),$B8*C8,"") -> 92.58 | E8: 149 | F8: =IF(ISNUMBER(E8),$B8*E8,"") -> 447 | G8: 333 | H8: =IF(ISNUMBER(G8),$B8*G8,"") -> 999 | I8: Helloprint: € 92,58 / 3 (deduzido do total de 18/09). Snap: cotou 1 un.; premissa para 3.
A9: Pull-up 850 × 2000 mm | B9: =Necessidade!$C$33 -> 16 | C9: 24.874375 | D9: =IF(ISNUMBER(C9),$B9*C9,"") -> 397.99 | E9: 99 | F9: =IF(ISNUMBER(E9),$B9*E9,"") -> 1584 | G9: 90 | H9: =IF(ISNUMBER(G9),$B9*G9,"") -> 1440 | I9: Helloprint: € 397,99 / 16 (deduzido do total de 18/09). Snap "Basic"; a "Premium" sai a € 154,69/un.
A10: Placa correx 4 mm A2 | B10: =Necessidade!$C$34 -> 2 | C10: 15 | D10: =IF(ISNUMBER(C10),$B10*C10,"") -> 30 | F10: =IF(ISNUMBER(E10),$B10*E10,"") | G10: 20 | H10: =IF(ISNUMBER(G10),$B10*G10,"") -> 40 | I10: Premissa do artefato; Banner Printing não cotou; Snap: corriboard 5 mm.
A11: Fixação | B11: =Necessidade!$C$35 -> 1 | C11: 40 | D11: =IF(ISNUMBER(C11),$B11*C11,"") -> 40 | F11: =IF(ISNUMBER(E11),$B11*E11,"") | H11: =IF(ISNUMBER(G11),$B11*G11,"") | I11: Verba; compra à parte.
A12: Entrega | B12: 1 | C12: 0 | D12: =IF(ISNUMBER(C12),$B12*C12,"") -> 0 | E12: 15 | F12: =IF(ISNUMBER(E12),$B12*E12,"") -> 15 | H12: =IF(ISNUMBER(G12),$B12*G12,"") | I12: Helloprint: Saver grátis (28/09). Banner Printing: € 15. Snap: não informou.
A13: Subtotal sem IVA (linhas com preço) | D13: =SUM(D5:D12) -> 1234.37 | F13: =SUM(F5:F12) -> 3108 | H13: =SUM(H5:H12) -> 4129
A14: IVA 23% | B14: 0.23 | D14: =D13*$B$14 -> 283.9051 | F14: =F13*$B$14 -> 714.84 | H14: =H13*$B$14 -> 949.67
A15: Total com IVA | D15: =D13+D14 -> 1518.2751 | F15: =F13+F14 -> 3822.84 | H15: =H13+H14 -> 5078.67
A16: Linhas sem preço nesta coluna | D16: =COUNTBLANK(C5:C12) -> 0 | F16: =COUNTBLANK(E5:E12) -> 3 | H16: =COUNTBLANK(G5:G12) -> 3
A17: Múltiplo sobre o Helloprint (só linhas com preço) | F17: =IFERROR(F13/SUMPRODUCT(($B$5:$B$12)*($C$5:$C$12)*ISNUMBER(E5:E12)),"") -> 2.9759568 | H17: =IFERROR(H13/SUMPRODUCT(($B$5:$B$12)*($C$5:$C$12)*ISNUMBER(G5:G12)),"") -> 3.8431825
A19: Leitura: os subtotais não são comparáveis linha a linha porque cada coluna cobre um conjunto diferente de itens. A linha "Múltiplo" compara cada gráfica com o Helloprint só nos itens que ela precificou.
A20: Helloprint IE: preços de catálogo de 18/09, quatro linhas são premissa (PVC, vinil, correx, fixação) e o prazo Saver (28/09) já passou do upload de 18/09 13:30 — para entregar antes de 04/10 seria preciso reconferir prazos e frete.
A21: Sensibilidade: se o número certo de fence banners for 11 e não 12, tire um unitário de fence banner de cada coluna (Helloprint € 32,40; Banner Printing € 70; Snap € 110, sem IVA).
