Workbook

Sheet Expectativa
A1: Seção | B1: Nome | C1: Expectativa | E1: Resumo
A2: ='Mesários'!A2 | B2: ='Mesários'!C2 | C2: ='Mesários'!I2 | E2: Deve comparecer | F2: =COUNTIF('Mesários'!$I$2:$I$113,"Deve comparecer")
A3: ='Mesários'!A3 | B3: ='Mesários'!C3 | C3: ='Mesários'!I3 | E3: Confirmar | F3: =COUNTIF('Mesários'!$I$2:$I$113,"Confirmar")
A4: ='Mesários'!A4 | B4: ='Mesários'!C4 | C4: ='Mesários'!I4 | E4: Não deve comparecer | F4: =COUNTIF('Mesários'!$I$2:$I$113,"Não deve comparecer")
A5: ='Mesários'!A5 | B5: ='Mesários'!C5 | C5: ='Mesários'!I5 | E5: Vago | F5: =COUNTIF('Mesários'!$I$2:$I$113,"Vago")
A6: ='Mesários'!A6 | B6: ='Mesários'!C6 | C6: ='Mesários'!I6 | E6: Total | F6: =SUM(F2:F5)
A7: ='Mesários'!A7 | B7: ='Mesários'!C7 | C7: ='Mesários'!I7
A8: ='Mesários'!A8 | B8: ='Mesários'!C8 | C8: ='Mesários'!I8
A9: ='Mesários'!A9 | B9: ='Mesários'!C9 | C9: ='Mesários'!I9
A10: ='Mesários'!A10 | B10: ='Mesários'!C10 | C10: ='Mesários'!I10
A11: ='Mesários'!A11 | B11: ='Mesários'!C11 | C11: ='Mesários'!I11
A12: ='Mesários'!A12 | B12: ='Mesários'!C12 | C12: ='Mesários'!I12
A13: ='Mesários'!A13 | B13: ='Mesários'!C13 | C13: ='Mesários'!I13
A14: ='Mesários'!A14 | B14: ='Mesários'!C14 | C14: ='Mesários'!I14
A15: ='Mesários'!A15 | B15: ='Mesários'!C15 | C15: ='Mesários'!I15
A16: ='Mesários'!A16 | B16: ='Mesários'!C16 | C16: ='Mesários'!I16
A17: ='Mesários'!A17 | B17: ='Mesários'!C17 | C17: ='Mesários'!I17
A18: ='Mesários'!A18 | B18: ='Mesários'!C18 | C18: ='Mesários'!I18
... A113: ='Mesários'!A113 | B113: ='Mesários'!C113 | C113: ='Mesários'!I113

Sheet Mesários
A1: Seção | B1: Função | C1: Nome | D1: E-mail | E1: Título de eleitor | F1: Presença 1º turno | G1: Resposta 2º turno | H1: ID no formulário | I1: Expectativa | J1: Ordem (auxiliar)
A2: 511 | B2: Presidente | C2: FELIPE PEREIRA DE SOUZA GUSTAVO | D2: Felipegustavo.ie@outlook.com | E2: 221940340213 | F2: SIM | I2: =IF(G2="SIM","Deve comparecer",IF(G2="NÃO","Não deve comparecer",IF(F2="SIM","Confirmar","Não deve comparecer"))) | J2: =IF(I2="Deve comparecer","",MATCH(A2,'Por seção'!$A$2:$A$29,0)*10+1)
A3: 511 | B3: 1º Mesário | C3: ERIC DA SILVA MEDEIROS | D3: Ericcount19@hotmail.com | E3: 087303060701 | F3: SIM | I3: =IF(G3="SIM","Deve comparecer",IF(G3="NÃO","Não deve comparecer",IF(F3="SIM","Confirmar","Não deve comparecer"))) | J3: =IF(I3="Deve comparecer","",MATCH(A3,'Por seção'!$A$2:$A$29,0)*10+2)
A4: 511 | B4: 2º Mesário | C4: LUDMILA MAIA MACIEL | D4: ludmilamaiamaciel@gmail.com | E4: 175842820256 | F4: SIM | I4: =IF(G4="SIM","Deve comparecer",IF(G4="NÃO","Não deve comparecer",IF(F4="SIM","Confirmar","Não deve comparecer"))) | J4: =IF(I4="Deve comparecer","",MATCH(A4,'Por seção'!$A$2:$A$29,0)*10+4)
A5: 511 | B5: 1º Secretário | C5: BEATRIZ CARACANHA BERTOCCO | D5: beabertocco@gmail.com | E5: 087118000698 | F5: SIM | G5: SIM | H5: 29 | I5: =IF(G5="SIM","Deve comparecer",IF(G5="NÃO","Não deve comparecer",IF(F5="SIM","Confirmar","Não deve comparecer"))) | J5: =IF(I5="Deve comparecer","",MATCH(A5,'Por seção'!$A$2:$A$29,0)*10+3)
A6: 512 | B6: Presidente | C6: ANA CLAUDIA MAZUROK | D6: anaclaudiamazurok@gmail.com | E6: 017860252038 | F6: NÃO | I6: =IF(G6="SIM","Deve comparecer",IF(G6="NÃO","Não deve comparecer",IF(F6="SIM","Confirmar","Não deve comparecer"))) | J6: =IF(I6="Deve comparecer","",MATCH(A6,'Por seção'!$A$2:$A$29,0)*10+1)
A7: 512 | B7: 1º Mesário | C7: CAIO CESAR ROSSITER | D7: caiorossiter@gmail.com | E7: 024563471619 | F7: SIM | G7: SIM | H7: 68, 69 | I7: =IF(G7="SIM","Deve comparecer",IF(G7="NÃO","Não deve comparecer",IF(F7="SIM","Confirmar","Não deve comparecer"))) | J7: =IF(I7="Deve comparecer","",MATCH(A7,'Por seção'!$A$2:$A$29,0)*10+2)
A8: 512 | B8: 2º Mesário | C8: CAMILA MOURA MARTINS | D8: camilamouramartins1987@gmail.com | E8: 339405340116 | F8: SIM | G8: SIM | H8: 19 | I8: =IF(G8="SIM","Deve comparecer",IF(G8="NÃO","Não deve comparecer",IF(F8="SIM","Confirmar","Não deve comparecer"))) | J8: =IF(I8="Deve comparecer","",MATCH(A8,'Por seção'!$A$2:$A$29,0)*10+4)
A9: 512 | B9: 1º Secretário | C9: THAISA BERNARDES BUENO FELIX | D9: tbbfelix@gmail.com | E9: 437733520116 | F9: NÃO | I9: =IF(G9="SIM","Deve comparecer",IF(G9="NÃO","Não deve comparecer",IF(F9="SIM","Confirmar","Não deve comparecer"))) | J9: =IF(I9="Deve comparecer","",MATCH(A9,'Por seção'!$A$2:$A$29,0)*10+3)
A10: 513 | B10: Presidente | C10: BIANCA ARAGONE RODRIGUES GOULART | D10: bianca.goulart@itamaraty.gov.br | E10: 354520980191 | F10: NÃO | I10: =IF(G10="SIM","Deve comparecer",IF(G10="NÃO","Não deve comparecer",IF(F10="SIM","Confirmar","Não deve comparecer"))) | J10: =IF(I10="Deve comparecer","",MATCH(A10,'Por seção'!$A$2:$A$29,0)*10+1)
A11: 513 | B11: 1º Mesário | C11: LUIZ HENRIQUE DE SOUSA SMANIA | D11: Luizsmania1@gmail.com | E11: 459992490108 | F11: SIM | G11: SIM | H11: 51 | I11: =IF(G11="SIM","Deve comparecer",IF(G11="NÃO","Não deve comparecer",IF(F11="SIM","Confirmar","Não deve comparecer"))) | J11: =IF(I11="Deve comparecer","",MATCH(A11,'Por seção'!$A$2:$A$29,0)*10+2)
A12: 513 | B12: 2º Mesário | C12: ISABELA FERNANDES BATTISTI PETRIS | D12: isabelabattisti@gmail.com | E12: 467362570124 | F12: SIM | I12: =IF(G12="SIM","Deve comparecer",IF(G12="NÃO","Não deve comparecer",IF(F12="SIM","Confirmar","Não deve comparecer"))) | J12: =IF(I12="Deve comparecer","",MATCH(A12,'Por seção'!$A$2:$A$29,0)*10+4)
A13: 513 | B13: 1º Secretário | C13: ALINE BARROS DE LIRA | D13: aline.barros@outlook.com | E13: 270991160167 | F13: NÃO | I13: =IF(G13="SIM","Deve comparecer",IF(G13="NÃO","Não deve comparecer",IF(F13="SIM","Confirmar","Não deve comparecer"))) | J13: =IF(I13="Deve comparecer","",MATCH(A13,'Por seção'!$A$2:$A$29,0)*10+3)
A14: 517 | B14: Presidente | C14: DAIANE LEAL GOMES | D14: DAIANELEALG@GMAIL.COM | E14: 175857340221 | F14: SIM | G14: SIM | H14: 30, 35 | I14: =IF(G14="SIM","Deve comparecer",IF(G14="NÃO","Não deve comparecer",IF(F14="SIM","Confirmar","Não deve comparecer"))) | J14: =IF(I14="Deve comparecer","",MATCH(A14,'Por seção'!$A$2:$A$29,0)*10+1)
A15: 517 | B15: 1º Mesário | C15: CINTHIA RODRIGUES DE ALMEIDA | D15: cinthia_ralmeida2@hotmail.com | E15: 354752050175 | F15: SIM | G15: SIM | H15: 74 | I15: =IF(G15="SIM","Deve comparecer",IF(G15="NÃO","Não deve comparecer",IF(F15="SIM","Confirmar","Não deve comparecer"))) | J15: =IF(I15="Deve comparecer","",MATCH(A15,'Por seção'!$A$2:$A$29,0)*10+2)
A16: 517 | B16: 2º Mesário | C16: RAFAEL DRUMMOND RODRIGUES | D16: rafaelrodrigues2011@gmail.com | E16: 196716430281 | F16: SIM | G16: SIM | H16: 52 | I16: =IF(G16="SIM","Deve comparecer",IF(G16="NÃO","Não deve comparecer",IF(F16="SIM","Confirmar","Não deve comparecer"))) | J16: =IF(I16="Deve comparecer","",MATCH(A16,'Por seção'!$A$2:$A$29,0)*10+4)
A17: 517 | B17: 1º Secretário | C17: MARIANA MACIEL DOS SANTOS SOUZA | D17: tucanamariana@gmail.com | E17: 154661270299 | F17: SIM | G17: SIM | H17: 15 | I17: =IF(G17="SIM","Deve comparecer",IF(G17="NÃO","Não deve comparecer",IF(F17="SIM","Confirmar","Não deve comparecer"))) | J17: =IF(I17="Deve comparecer","",MATCH(A17,'Por seção'!$A$2:$A$29,0)*10+3)
A18: 1160 | B18: Presidente | C18: PAMELA NASCIMENTO DA SILVA | D18: pamela.silva@itamaraty.gov.br | E18: 150286960310 | F18: SIM | I18: =IF(G18="SIM","Deve comparecer",IF(G18="NÃO","Não deve comparecer",IF(F18="SIM","Confirmar","Não deve comparecer"))) | J18: =IF(I18="Deve comparecer","",MATCH(A18,'Por seção'!$A$2:$A$29,0)*10+1)
A19: 1160 | B19: 1º Mesário | C19: ARTHUR GRIZ FERREIRA | D19: arthurgf96@gmail.com | E19: 092144330809 | F19: SIM | I19: =IF(G19="SIM","Deve comparecer",IF(G19="NÃO","Não deve comparecer",IF(F19="SIM","Confirmar","Não deve comparecer"))) | J19: =IF(I19="Deve comparecer","",MATCH(A19,'Por seção'!$A$2:$A$29,0)*10+2)
A20: 1160 | B20: 2º Mesário | C20: CRISLAINE DE SOUZA ALMEIDA | D20: crislainedealmeida@hotmail.com | E20: 409193130159 | F20: SIM | G20: NÃO | H20: 60 | I20: =IF(G20="SIM","Deve comparecer",IF(G20="NÃO","Não deve comparecer",IF(F20="SIM","Confirmar","Não deve comparecer"))) | J20: =IF(I20="Deve comparecer","",MATCH(A20,'Por seção'!$A$2:$A$29,0)*10+4)
A21: 1160 | B21: 1º Secretário | C21: CINTIA DOS SANTOS | D21: cintiadosantos4@gmail.com | E21: 228274860191 | F21: SIM | G21: SIM | H21: 57 | I21: =IF(G21="SIM","Deve comparecer",IF(G21="NÃO","Não deve comparecer",IF(F21="SIM","Confirmar","Não deve comparecer"))) | J21: =IF(I21="Deve comparecer","",MATCH(A21,'Por seção'!$A$2:$A$29,0)*10+3)
A22: 1352 | B22: Presidente | C22: NAYARA GIROTO MENDES | D22: nayara.mendes@itamaraty.gov.br | E22: 355815510167 | F22: SIM | I22: =IF(G22="SIM","Deve comparecer",IF(G22="NÃO","Não deve comparecer",IF(F22="SIM","Confirmar","Não deve comparecer"))) | J22: =IF(I22="Deve comparecer","",MATCH(A22,'Por seção'!$A$2:$A$29,0)*10+1)
A23: 1352 | B23: 1º Mesário | C23: JESSICA DE OLIVEIRA | D23: jessicaoliveira9316@gmail.com | E23: 106070350450 | F23: SIM | G23: SIM | H23: 2 | I23: =IF(G23="SIM","Deve comparecer",IF(G23="NÃO","Não deve comparecer",IF(F23="SIM","Confirmar","Não deve comparecer"))) | J23: =IF(I23="Deve comparecer","",MATCH(A23,'Por seção'!$A$2:$A$29,0)*10+2)
A24: 1352 | B24: 2º Mesário | C24: ANA PAULA DA SILVA ELIAS | D24: ana.spelias@gmail.com | E24: 407856270175 | F24: SIM | G24: SIM | H24: 14 | I24: =IF(G24="SIM","Deve comparecer",IF(G24="NÃO","Não deve comparecer",IF(F24="SIM","Confirmar","Não deve comparecer"))) | J24: =IF(I24="Deve comparecer","",MATCH(A24,'Por seção'!$A$2:$A$29,0)*10+4)
A25: 1352 | B25: 1º Secretário | C25: DENER AUGUSTO SALES MACHADO | D25: dener.asm@gmail.com | E25: 109790750485 | F25: SIM | G25: NÃO | H25: 54 | I25: =IF(G25="SIM","Deve comparecer",IF(G25="NÃO","Não deve comparecer",IF(F25="SIM","Confirmar","Não deve comparecer"))) | J25: =IF(I25="Deve comparecer","",MATCH(A25,'Por seção'!$A$2:$A$29,0)*10+3)
A26: 3054 | B26: Presidente | C26: FABIOLA CRISTIANE DA SILVA MALTA | D26: fabiola.malta@itamaraty.gov.br | E26: 006435662011 | F26: SIM | I26: =IF(G26="SIM","Deve comparecer",IF(G26="NÃO","Não deve comparecer",IF(F26="SIM","Confirmar","Não deve comparecer"))) | J26: =IF(I26="Deve comparecer","",MATCH(A26,'Por seção'!$A$2:$A$29,0)*10+1)
A27: 3054 | B27: 1º Mesário | C27: WELLINGTON DOS SANTOS | D27: wellingtons24.santos@gmail.com | E27: 426020000167 | F27: SIM | G27: NÃO | H27: 64 | I27: =IF(G27="SIM","Deve comparecer",IF(G27="NÃO","Não deve comparecer",IF(F27="SIM","Confirmar","Não deve comparecer"))) | J27: =IF(I27="Deve comparecer","",MATCH(A27,'Por seção'!$A$2:$A$29,0)*10+2)
A28: 3054 | B28: 2º Mesário | C28: EDINEIA DE ALMEIDA GOMES | D28: almeidaedi@gmail.com | E28: 266846740124 | F28: NÃO | I28: =IF(G28="SIM","Deve comparecer",IF(G28="NÃO","Não deve comparecer",IF(F28="SIM","Confirmar","Não deve comparecer"))) | J28: =IF(I28="Deve comparecer","",MATCH(A28,'Por seção'!$A$2:$A$29,0)*10+4)
A29: 3054 | B29: 1º Secretário | C29: GABRIEL SOARES DE CARVALHO | D29: gabrielsoares2111@gmail.com | E29: 215721420205 | F29: SIM | I29: =IF(G29="SIM","Deve comparecer",IF(G29="NÃO","Não deve comparecer",IF(F29="SIM","Confirmar","Não deve comparecer"))) | J29: =IF(I29="Deve comparecer","",MATCH(A29,'Por seção'!$A$2:$A$29,0)*10+3)
A30: 3078 | B30: Presidente | C30: TULIO CARLOS DE MOURA NEVES | D30: tulio.neves@itamaraty.gov.br | E30: 000122531007 | F30: SIM | I30: =IF(G30="SIM","Deve comparecer",IF(G30="NÃO","Não deve comparecer",IF(F30="SIM","Confirmar","Não deve comparecer"))) | J30: =IF(I30="Deve comparecer","",MATCH(A30,'Por seção'!$A$2:$A$29,0)*10+1)
A31: 3078 | B31: 1º Mesário | C31: TATIANE CRISTINA FREGNANI | D31: tfregnani@outlook.com | E31: 262347330141 | F31: SIM | G31: SIM | H31: 44 | I31: =IF(G31="SIM","Deve comparecer",IF(G31="NÃO","Não deve comparecer",IF(F31="SIM","Confirmar","Não deve comparecer"))) | J31: =IF(I31="Deve comparecer","",MATCH(A31,'Por seção'!$A$2:$A$29,0)*10+2)
A32: 3078 | B32: 2º Mesário | C32: DANIELA LIMA DE MELO CARETTE | D32: danielalmelo@gmail.com | E32: 254243240108 | F32: SIM | G32: SIM | H32: 1 | I32: =IF(G32="SIM","Deve comparecer",IF(G32="NÃO","Não deve comparecer",IF(F32="SIM","Confirmar","Não deve comparecer"))) | J32: =IF(I32="Deve comparecer","",MATCH(A32,'Por seção'!$A$2:$A$29,0)*10+4)
A33: 3078 | B33: 1º Secretário | C33: MATHEUS PASSOS MENDES | D33: passos.matheus@gmail.com | E33: 381115100116 | F33: SIM | I33: =IF(G33="SIM","Deve comparecer",IF(G33="NÃO","Não deve comparecer",IF(F33="SIM","Confirmar","Não deve comparecer"))) | J33: =IF(I33="Deve comparecer","",MATCH(A33,'Por seção'!$A$2:$A$29,0)*10+3)
A34: 3108 | B34: Presidente | C34: FERNANDA LIMA HERMANSON CARVALHO LOPES | D34: fernanda@brazilirelandchamber.com | E34: 363200640191 | F34: SIM | G34: SIM | H34: 59 | I34: =IF(G34="SIM","Deve comparecer",IF(G34="NÃO","Não deve comparecer",IF(F34="SIM","Confirmar","Não deve comparecer"))) | J34: =IF(I34="Deve comparecer","",MATCH(A34,'Por seção'!$A$2:$A$29,0)*10+1)
A35: 3108 | B35: 1º Mesário | C35: DANIEL DOS SANTOS JORGE | D35: daniel20022304@gmail.com | E35: 442676540191 | F35: NÃO | I35: =IF(G35="SIM","Deve comparecer",IF(G35="NÃO","Não deve comparecer",IF(F35="SIM","Confirmar","Não deve comparecer"))) | J35: =IF(I35="Deve comparecer","",MATCH(A35,'Por seção'!$A$2:$A$29,0)*10+2)
A36: 3108 | B36: 2º Mesário | C36: INGRID MACHADO DOS REIS | D36: ingridmach@hotmail.com | E36: 369375360108 | F36: SIM | G36: SIM | H36: 43 | I36: =IF(G36="SIM","Deve comparecer",IF(G36="NÃO","Não deve comparecer",IF(F36="SIM","Confirmar","Não deve comparecer"))) | J36: =IF(I36="Deve comparecer","",MATCH(A36,'Por seção'!$A$2:$A$29,0)*10+4)
A37: 3108 | B37: 1º Secretário | C37: DANIELA HADWIG DULLIUS | D37: dulliusdaniela@gmail.com | E37: 103022060469 | F37: SIM | I37: =IF(G37="SIM","Deve comparecer",IF(G37="NÃO","Não deve comparecer",IF(F37="SIM","Confirmar","Não deve comparecer"))) | J37: =IF(I37="Deve comparecer","",MATCH(A37,'Por seção'!$A$2:$A$29,0)*10+3)
A38: 3142 | B38: Presidente | C38: BEATRIZ GILLI HADG KARKACHI | D38: beatrizgilli@hotmail.com | E38: 335145160175 | F38: SIM | G38: SIM | H38: 47 | I38: =IF(G38="SIM","Deve comparecer",IF(G38="NÃO","Não deve comparecer",IF(F38="SIM","Confirmar","Não deve comparecer"))) | J38: =IF(I38="Deve comparecer","",MATCH(A38,'Por seção'!$A$2:$A$29,0)*10+1)
A39: 3142 | B39: 1º Mesário | C39: ANABELLA ALVES DE CASTRO | D39: anabellacastroie@gmail.com | E39: 091189510396 | F39: SIM | G39: SIM | H39: 56 | I39: =IF(G39="SIM","Deve comparecer",IF(G39="NÃO","Não deve comparecer",IF(F39="SIM","Confirmar","Não deve comparecer"))) | J39: =IF(I39="Deve comparecer","",MATCH(A39,'Por seção'!$A$2:$A$29,0)*10+2)
A40: 3142 | B40: 2º Mesário | C40: JULIANA CASSIA TAVARES DE SOUSA | D40: juli_tico@hotmail.com | E40: 323422120183 | F40: SIM | G40: SIM | H40: 16 | I40: =IF(G40="SIM","Deve comparecer",IF(G40="NÃO","Não deve comparecer",IF(F40="SIM","Confirmar","Não deve comparecer"))) | J40: =IF(I40="Deve comparecer","",MATCH(A40,'Por seção'!$A$2:$A$29,0)*10+4)
A41: 3142 | B41: 1º Secretário | C41: LINCOLN CUBAS GUEDES | D41: lincolnguedesc@gmail.com | E41: 107479210647 | F41: NÃO | G41: SIM | H41: 45, 46 | I41: =IF(G41="SIM","Deve comparecer",IF(G41="NÃO","Não deve comparecer",IF(F41="SIM","Confirmar","Não deve comparecer"))) | J41: =IF(I41="Deve comparecer","",MATCH(A41,'Por seção'!$A$2:$A$29,0)*10+3)
A42: 3161 | B42: Presidente | C42: MARCELA TIYOKO PASSOS KONDO | D42: Marcelatkondo@gmail.com | E42: 431799970116 | F42: NÃO | I42: =IF(G42="SIM","Deve comparecer",IF(G42="NÃO","Não deve comparecer",IF(F42="SIM","Confirmar","Não deve comparecer"))) | J42: =IF(I42="Deve comparecer","",MATCH(A42,'Por seção'!$A$2:$A$29,0)*10+1)
A43: 3161 | B43: 1º Mesário | C43: TALITA MORTARI MONTYSUMA | D43: talita.montysuma@gmail.com | E43: 003983782410 | F43: SIM | G43: SIM | H43: 9 | I43: =IF(G43="SIM","Deve comparecer",IF(G43="NÃO","Não deve comparecer",IF(F43="SIM","Confirmar","Não deve comparecer"))) | J43: =IF(I43="Deve comparecer","",MATCH(A43,'Por seção'!$A$2:$A$29,0)*10+2)
A44: 3161 | B44: 2º Mesário | C44: NASTASSJA VERONICA LOUSADA GOMES | D44: nvlousada@gmail.com | E44: 361646820183 | F44: SIM | G44: SIM | H44: 36 | I44: =IF(G44="SIM","Deve comparecer",IF(G44="NÃO","Não deve comparecer",IF(F44="SIM","Confirmar","Não deve comparecer"))) | J44: =IF(I44="Deve comparecer","",MATCH(A44,'Por seção'!$A$2:$A$29,0)*10+4)
A45: 3161 | B45: 1º Secretário | C45: ANTHONY EDWARD DA SILVA AGAPITO | D45: anthonyedasilvagapito@gmail.com | E45: 470520130124 | F45: SIM | I45: =IF(G45="SIM","Deve comparecer",IF(G45="NÃO","Não deve comparecer",IF(F45="SIM","Confirmar","Não deve comparecer"))) | J45: =IF(I45="Deve comparecer","",MATCH(A45,'Por seção'!$A$2:$A$29,0)*10+3)
A46: 3179 | B46: Presidente | C46: ELTON APARECIDO ROCHA | D46: rochae@tcd.ie | E46: 360443460108 | F46: SIM | G46: SIM | H46: 61 | I46: =IF(G46="SIM","Deve comparecer",IF(G46="NÃO","Não deve comparecer",IF(F46="SIM","Confirmar","Não deve comparecer"))) | J46: =IF(I46="Deve comparecer","",MATCH(A46,'Por seção'!$A$2:$A$29,0)*10+1)
A47: 3179 | B47: 1º Mesário | C47: ANDERSON SILVERIO DE OLIVEIRA | D47: andersonsilverio14@gmail.com | E47: 377789170183 | F47: NÃO | I47: =IF(G47="SIM","Deve comparecer",IF(G47="NÃO","Não deve comparecer",IF(F47="SIM","Confirmar","Não deve comparecer"))) | J47: =IF(I47="Deve comparecer","",MATCH(A47,'Por seção'!$A$2:$A$29,0)*10+2)
A48: 3179 | B48: 2º Mesário | C48: JUSSARA VENEZA SOARES | D48: jussara.veneza@hotmail.com | E48: 392475340116 | F48: NÃO | G48: NÃO | H48: 25 | I48: =IF(G48="SIM","Deve comparecer",IF(G48="NÃO","Não deve comparecer",IF(F48="SIM","Confirmar","Não deve comparecer"))) | J48: =IF(I48="Deve comparecer","",MATCH(A48,'Por seção'!$A$2:$A$29,0)*10+4)
A49: 3179 | B49: 1º Secretário | C49: TAYNA STETELI PERON LOPES SILVA | D49: perontayna@gmail.com | E49: 403513700175 | F49: SIM | G49: SIM | H49: 48 | I49: =IF(G49="SIM","Deve comparecer",IF(G49="NÃO","Não deve comparecer",IF(F49="SIM","Confirmar","Não deve comparecer"))) | J49: =IF(I49="Deve comparecer","",MATCH(A49,'Por seção'!$A$2:$A$29,0)*10+3)
A50: 3216 | B50: Presidente | C50: JULIANA HENRIQUE CAMPOS SILVA | D50: julianacampos21@hotmail.com | E50: 056716440833 | F50: SIM | G50: SIM | H50: 18 | I50: =IF(G50="SIM","Deve comparecer",IF(G50="NÃO","Não deve comparecer",IF(F50="SIM","Confirmar","Não deve comparecer"))) | J50: =IF(I50="Deve comparecer","",MATCH(A50,'Por seção'!$A$2:$A$29,0)*10+1)
A51: 3216 | B51: 1º Mesário | C51: LILIANE SILVA DE SOUZA | D51: lilianebr.dublin@gmail.com | E51: 331599550141 | F51: SIM | I51: =IF(G51="SIM","Deve comparecer",IF(G51="NÃO","Não deve comparecer",IF(F51="SIM","Confirmar","Não deve comparecer"))) | J51: =IF(I51="Deve comparecer","",MATCH(A51,'Por seção'!$A$2:$A$29,0)*10+2)
A52: 3216 | B52: 2º Mesário | C52: JAQUELINE APARECIDA TEIXEIRA | D52: jack_610aparecida@hormail.com | E52: 371878170191 | F52: SIM | G52: SIM | H52: 53 | I52: =IF(G52="SIM","Deve comparecer",IF(G52="NÃO","Não deve comparecer",IF(F52="SIM","Confirmar","Não deve comparecer"))) | J52: =IF(I52="Deve comparecer","",MATCH(A52,'Por seção'!$A$2:$A$29,0)*10+4)
A53: 3216 | B53: 1º Secretário | C53: DIOGO IGLESIAS CORDEIRO | D53: iglesias_diogo@hotmail.com | E53: 031790652283 | F53: SIM | G53: SIM | H53: 17 | I53: =IF(G53="SIM","Deve comparecer",IF(G53="NÃO","Não deve comparecer",IF(F53="SIM","Confirmar","Não deve comparecer"))) | J53: =IF(I53="Deve comparecer","",MATCH(A53,'Por seção'!$A$2:$A$29,0)*10+3)
A54: 3229 | B54: Presidente | C54: EDIONES DINIZ SAVARIS | D54: ediones.savaris@gmail.com | E54: 020776902208 | F54: SIM | G54: SIM | H54: 5 | I54: =IF(G54="SIM","Deve comparecer",IF(G54="NÃO","Não deve comparecer",IF(F54="SIM","Confirmar","Não deve comparecer"))) | J54: =IF(I54="Deve comparecer","",MATCH(A54,'Por seção'!$A$2:$A$29,0)*10+1)
A55: 3229 | B55: 1º Mesário | C55: FRANCISCA THAMIRES DE SOUSA | D55: sousa.franciscaa@gmail.com | E55: 388263170124 | F55: SIM | I55: =IF(G55="SIM","Deve comparecer",IF(G55="NÃO","Não deve comparecer",IF(F55="SIM","Confirmar","Não deve comparecer"))) | J55: =IF(I55="Deve comparecer","",MATCH(A55,'Por seção'!$A$2:$A$29,0)*10+2)
A56: 3229 | B56: 2º Mesário | C56: AURORA MADRIL OLIVEIRA MOLINA | D56: auroramomolina@icloud.com | E56: 069455401368 | F56: SIM | G56: SIM | H56: 27 | I56: =IF(G56="SIM","Deve comparecer",IF(G56="NÃO","Não deve comparecer",IF(F56="SIM","Confirmar","Não deve comparecer"))) | J56: =IF(I56="Deve comparecer","",MATCH(A56,'Por seção'!$A$2:$A$29,0)*10+4)
A57: 3229 | B57: 1º Secretário | C57: LUCAS FEITOSA CLAUDINO | D57: lcaprezzi@gmail.com | E57: 144785730507 | F57: SIM | I57: =IF(G57="SIM","Deve comparecer",IF(G57="NÃO","Não deve comparecer",IF(F57="SIM","Confirmar","Não deve comparecer"))) | J57: =IF(I57="Deve comparecer","",MATCH(A57,'Por seção'!$A$2:$A$29,0)*10+3)
A58: 3245 | B58: Presidente | C58: MARIANA JURANDIR GASPARETTI | D58: marianagasparetti@gmail.com | E58: 344762680183 | F58: SIM | G58: SIM | H58: 66 | I58: =IF(G58="SIM","Deve comparecer",IF(G58="NÃO","Não deve comparecer",IF(F58="SIM","Confirmar","Não deve comparecer"))) | J58: =IF(I58="Deve comparecer","",MATCH(A58,'Por seção'!$A$2:$A$29,0)*10+1)
A59: 3245 | B59: 1º Mesário | C59: JOAO GABRIEL BARBOSA CESAR | D59: sem contato | E59: 164261590310 | F59: SIM | I59: =IF(G59="SIM","Deve comparecer",IF(G59="NÃO","Não deve comparecer",IF(F59="SIM","Confirmar","Não deve comparecer"))) | J59: =IF(I59="Deve comparecer","",MATCH(A59,'Por seção'!$A$2:$A$29,0)*10+2)
A60: 3245 | B60: 2º Mesário | C60: TALITA DE ARAUJO CARVALHO | D60: sem contato | E60: 063075331040 | F60: SIM | I60: =IF(G60="SIM","Deve comparecer",IF(G60="NÃO","Não deve comparecer",IF(F60="SIM","Confirmar","Não deve comparecer"))) | J60: =IF(I60="Deve comparecer","",MATCH(A60,'Por seção'!$A$2:$A$29,0)*10+4)
A61: 3245 | B61: 1º Secretário | C61: VINICIUS ARAUJO DE OLIVEIRA | D61: voliveira@gmail.com | E61: 114194690361 | F61: NÃO | I61: =IF(G61="SIM","Deve comparecer",IF(G61="NÃO","Não deve comparecer",IF(F61="SIM","Confirmar","Não deve comparecer"))) | J61: =IF(I61="Deve comparecer","",MATCH(A61,'Por seção'!$A$2:$A$29,0)*10+3)
A62: 3302 | B62: Presidente | C62: MARIA LUCIA MORGANTE DE MIRANDA | D62: malumorgante@gmail.com | E62: 307974360175 | F62: SIM | G62: SIM | H62: 7 | I62: =IF(G62="SIM","Deve comparecer",IF(G62="NÃO","Não deve comparecer",IF(F62="SIM","Confirmar","Não deve comparecer"))) | J62: =IF(I62="Deve comparecer","",MATCH(A62,'Por seção'!$A$2:$A$29,0)*10+1)
A63: 3302 | B63: 1º Mesário | C63: SANDRA REGINA CAETANO DE SOUZA | D63: s.caetanoregina1979@gmail.com | E63: 276925060183 | F63: SIM | I63: =IF(G63="SIM","Deve comparecer",IF(G63="NÃO","Não deve comparecer",IF(F63="SIM","Confirmar","Não deve comparecer"))) | J63: =IF(I63="Deve comparecer","",MATCH(A63,'Por seção'!$A$2:$A$29,0)*10+2)
A64: 3302 | B64: 2º Mesário | C64: RENAN WILLIAN DA COSTA | D64: renan.williandc@gmail.com | E64: 413779220108 | F64: SIM | G64: SIM | H64: 4 | I64: =IF(G64="SIM","Deve comparecer",IF(G64="NÃO","Não deve comparecer",IF(F64="SIM","Confirmar","Não deve comparecer"))) | J64: =IF(I64="Deve comparecer","",MATCH(A64,'Por seção'!$A$2:$A$29,0)*10+4)
A65: 3302 | B65: 1º Secretário | C65: TIAGO PAIVA DE CARVALHO | D65: Tiagocare@icloud.com | E65: 290684490183 | F65: SIM | I65: =IF(G65="SIM","Deve comparecer",IF(G65="NÃO","Não deve comparecer",IF(F65="SIM","Confirmar","Não deve comparecer"))) | J65: =IF(I65="Deve comparecer","",MATCH(A65,'Por seção'!$A$2:$A$29,0)*10+3)
A66: 3305 | B66: Presidente | C66: SARA RODRIGUES GOMES | D66: sem contato | E66: 106376760442 | F66: NÃO | I66: =IF(G66="SIM","Deve comparecer",IF(G66="NÃO","Não deve comparecer",IF(F66="SIM","Confirmar","Não deve comparecer"))) | J66: =IF(I66="Deve comparecer","",MATCH(A66,'Por seção'!$A$2:$A$29,0)*10+1)
A67: 3305 | B67: 1º Mesário | C67: MARIA HELENA DE FRANÇA MELLO ALVES | D67: 353helenafranmalves@gmail.com | E67: 145516460361 | F67: SIM | I67: =IF(G67="SIM","Deve comparecer",IF(G67="NÃO","Não deve comparecer",IF(F67="SIM","Confirmar","Não deve comparecer"))) | J67: =IF(I67="Deve comparecer","",MATCH(A67,'Por seção'!$A$2:$A$29,0)*10+2)
A68: 3305 | B68: 2º Mesário | C68: FÁBIO MARCELO DA TRINDADE | D68: ftrindade3411@gmail.com | E68: 246647720183 | F68: SIM | G68: SIM | H68: 10 | I68: =IF(G68="SIM","Deve comparecer",IF(G68="NÃO","Não deve comparecer",IF(F68="SIM","Confirmar","Não deve comparecer"))) | J68: =IF(I68="Deve comparecer","",MATCH(A68,'Por seção'!$A$2:$A$29,0)*10+4)
A69: 3305 | B69: 1º Secretário | C69: FAGNER DE PAULA ALMEIDA MORAIS | D69: fagneralmeidamorais@gmail.com | E69: 196190310221 | F69: SIM | I69: =IF(G69="SIM","Deve comparecer",IF(G69="NÃO","Não deve comparecer",IF(F69="SIM","Confirmar","Não deve comparecer"))) | J69: =IF(I69="Deve comparecer","",MATCH(A69,'Por seção'!$A$2:$A$29,0)*10+3)
A70: 3306 | B70: Presidente | C70: JULIANA WONG MENDONÇA | D70: julianawongm@gmail.com | E70: 174315930370 | F70: SIM | I70: =IF(G70="SIM","Deve comparecer",IF(G70="NÃO","Não deve comparecer",IF(F70="SIM","Confirmar","Não deve comparecer"))) | J70: =IF(I70="Deve comparecer","",MATCH(A70,'Por seção'!$A$2:$A$29,0)*10+1)
A71: 3306 | B71: 1º Mesário | C71: LUISA OLIVEIRA DO MONTE CARMELO | D71: luisamontecarmelo@gmail.com | E71: 463410120124 | F71: SIM | I71: =IF(G71="SIM","Deve comparecer",IF(G71="NÃO","Não deve comparecer",IF(F71="SIM","Confirmar","Não deve comparecer"))) | J71: =IF(I71="Deve comparecer","",MATCH(A71,'Por seção'!$A$2:$A$29,0)*10+2)
A72: 3306 | B72: 2º Mesário | C72: MICHAEL DA COSTA MUNIZ | D72: maiik5463@hotmail.com | E72: 407918980116 | F72: SIM | G72: SIM | H72: 3 | I72: =IF(G72="SIM","Deve comparecer",IF(G72="NÃO","Não deve comparecer",IF(F72="SIM","Confirmar","Não deve comparecer"))) | J72: =IF(I72="Deve comparecer","",MATCH(A72,'Por seção'!$A$2:$A$29,0)*10+4)
A73: 3306 | B73: 1º Secretário | C73: MATHEUS CARVALHO MENDONCA | D73: matheuslw@gmail.com | E73: 062299741031 | F73: SIM | G73: SIM | H73: 22 | I73: =IF(G73="SIM","Deve comparecer",IF(G73="NÃO","Não deve comparecer",IF(F73="SIM","Confirmar","Não deve comparecer"))) | J73: =IF(I73="Deve comparecer","",MATCH(A73,'Por seção'!$A$2:$A$29,0)*10+3)
A74: 3308 | B74: Presidente | C74: KAIQUE AQUINO OLIVEIRA | D74: kaique.aquino.oliveira@esb.ie | E74: 405418010191 | F74: NÃO | I74: =IF(G74="SIM","Deve comparecer",IF(G74="NÃO","Não deve comparecer",IF(F74="SIM","Confirmar","Não deve comparecer"))) | J74: =IF(I74="Deve comparecer","",MATCH(A74,'Por seção'!$A$2:$A$29,0)*10+1)
A75: 3308 | B75: 1º Mesário | C75: CARLA RIBEIRO DOS SANTOS SIMOES | D75: krla.dublin16@gmail.com | E75: 141082260272 | F75: SIM | G75: SIM | H75: 31 | I75: =IF(G75="SIM","Deve comparecer",IF(G75="NÃO","Não deve comparecer",IF(F75="SIM","Confirmar","Não deve comparecer"))) | J75: =IF(I75="Deve comparecer","",MATCH(A75,'Por seção'!$A$2:$A$29,0)*10+2)
A76: 3308 | B76: 2º Mesário | C76: LOUISE ANDRIELLE PRANDI | D76: louiseandrielleprandi@gmail.com | E76: 066669950922 | F76: SIM | I76: =IF(G76="SIM","Deve comparecer",IF(G76="NÃO","Não deve comparecer",IF(F76="SIM","Confirmar","Não deve comparecer"))) | J76: =IF(I76="Deve comparecer","",MATCH(A76,'Por seção'!$A$2:$A$29,0)*10+4)
A77: 3308 | B77: 1º Secretário | C77: PAULA LIMÃO DE CAMPOS | D77: paulalimao88@hotmail.com | E77: 178391180221 | F77: SIM | G77: SIM | H77: 55 | I77: =IF(G77="SIM","Deve comparecer",IF(G77="NÃO","Não deve comparecer",IF(F77="SIM","Confirmar","Não deve comparecer"))) | J77: =IF(I77="Deve comparecer","",MATCH(A77,'Por seção'!$A$2:$A$29,0)*10+3)
A78: 3309 | B78: Presidente | C78: ROGERIO LINHARES GOES | D78: rogergoes@hotmail.com | E78: 035793811031 | F78: SIM | G78: SIM | H78: 6 | I78: =IF(G78="SIM","Deve comparecer",IF(G78="NÃO","Não deve comparecer",IF(F78="SIM","Confirmar","Não deve comparecer"))) | J78: =IF(I78="Deve comparecer","",MATCH(A78,'Por seção'!$A$2:$A$29,0)*10+1)
A79: 3309 | B79: 1º Mesário | C79: PAULA CIPRO CARVALHO CAMPOS | D79: paulacipro@gmail.com | E79: 356909870159 | F79: SIM | G79: NÃO | H79: 38 | I79: =IF(G79="SIM","Deve comparecer",IF(G79="NÃO","Não deve comparecer",IF(F79="SIM","Confirmar","Não deve comparecer"))) | J79: =IF(I79="Deve comparecer","",MATCH(A79,'Por seção'!$A$2:$A$29,0)*10+2)
A80: 3309 | B80: 2º Mesário | C80: LUAM DUANE ANDRADE MOREIRA | D80: luamdmoreira@gmail.com | E80: 063704620957 | F80: SIM | G80: SIM | H80: 63 | I80: =IF(G80="SIM","Deve comparecer",IF(G80="NÃO","Não deve comparecer",IF(F80="SIM","Confirmar","Não deve comparecer"))) | J80: =IF(I80="Deve comparecer","",MATCH(A80,'Por seção'!$A$2:$A$29,0)*10+4)
A81: 3309 | B81: 1º Secretário | C81: SARA SOBRAL DIAS | E81: 044827070850 | F81: SIM | G81: NÃO | H81: 39 | I81: =IF(G81="SIM","Deve comparecer",IF(G81="NÃO","Não deve comparecer",IF(F81="SIM","Confirmar","Não deve comparecer"))) | J81: =IF(I81="Deve comparecer","",MATCH(A81,'Por seção'!$A$2:$A$29,0)*10+3)
A82: 3311 | B82: Presidente | C82: FLAVIA NASCIMENTO DE SOUZA | D82: saradias1@gmail.com | E82: 341298950167 | F82: SIM | G82: SIM | H82: 8 | I82: =IF(G82="SIM","Deve comparecer",IF(G82="NÃO","Não deve comparecer",IF(F82="SIM","Confirmar","Não deve comparecer"))) | J82: =IF(I82="Deve comparecer","",MATCH(A82,'Por seção'!$A$2:$A$29,0)*10+1)
A83: 3311 | B83: 1º Mesário | C83: RODRIGO ERASMO BARBOZA | D83: rodrigoerasmobarboza@gmail.com | E83: 034966040981 | F83: SIM | I83: =IF(G83="SIM","Deve comparecer",IF(G83="NÃO","Não deve comparecer",IF(F83="SIM","Confirmar","Não deve comparecer"))) | J83: =IF(I83="Deve comparecer","",MATCH(A83,'Por seção'!$A$2:$A$29,0)*10+2)
A84: 3311 | B84: 2º Mesário | C84: EDNALDO AZEVEDO DE NORONHA | D84: ednaldo283@gmail.com | E84: 074016700892 | F84: SIM | G84: SIM | H84: 37, 41 | I84: =IF(G84="SIM","Deve comparecer",IF(G84="NÃO","Não deve comparecer",IF(F84="SIM","Confirmar","Não deve comparecer"))) | J84: =IF(I84="Deve comparecer","",MATCH(A84,'Por seção'!$A$2:$A$29,0)*10+4)
A85: 3311 | B85: 1º Secretário | C85: THAÍS TERÊNCIO PEREIRA | D85: thaisterencio@hotmail.com | E85: 353846650116 | F85: SIM | G85: SIM | H85: 58 | I85: =IF(G85="SIM","Deve comparecer",IF(G85="NÃO","Não deve comparecer",IF(F85="SIM","Confirmar","Não deve comparecer"))) | J85: =IF(I85="Deve comparecer","",MATCH(A85,'Por seção'!$A$2:$A$29,0)*10+3)
A86: 3313 | B86: Presidente | C86: VANESSA ROCHA BARBOSA BARBALHO | D86: vanessa.barbosa@itamaraty.gov.br | E86: 012505712046 | F86: SIM | G86: SIM | H86: contato direto | I86: =IF(G86="SIM","Deve comparecer",IF(G86="NÃO","Não deve comparecer",IF(F86="SIM","Confirmar","Não deve comparecer"))) | J86: =IF(I86="Deve comparecer","",MATCH(A86,'Por seção'!$A$2:$A$29,0)*10+1)
A87: 3313 | B87: 1º Mesário | C87: LEILA ROSARIA LIOTTA | D87: leilarosaria@yahoo.com.br | E87: 289755370191 | F87: SIM | G87: SIM | H87: 50 | I87: =IF(G87="SIM","Deve comparecer",IF(G87="NÃO","Não deve comparecer",IF(F87="SIM","Confirmar","Não deve comparecer"))) | J87: =IF(I87="Deve comparecer","",MATCH(A87,'Por seção'!$A$2:$A$29,0)*10+2)
A88: 3313 | B88: 2º Mesário | C88: DANIEL PESSOA CARDEAL | D88: danielpessoa.cardeal@gmail.com | E88: 438851640116 | F88: SIM | G88: NÃO | H88: 72 | I88: =IF(G88="SIM","Deve comparecer",IF(G88="NÃO","Não deve comparecer",IF(F88="SIM","Confirmar","Não deve comparecer"))) | J88: =IF(I88="Deve comparecer","",MATCH(A88,'Por seção'!$A$2:$A$29,0)*10+4)
A89: 3313 | B89: 1º Secretário | C89: SANDRO CUNHA DA SILVA | D89: sandro.cunha2008@gmail.com | E89: 315883980175 | F89: SIM | G89: SIM | H89: 26 | I89: =IF(G89="SIM","Deve comparecer",IF(G89="NÃO","Não deve comparecer",IF(F89="SIM","Confirmar","Não deve comparecer"))) | J89: =IF(I89="Deve comparecer","",MATCH(A89,'Por seção'!$A$2:$A$29,0)*10+3)
A90: 3315 | B90: Presidente | C90: JAIR DE ASSUNÇÃO CORREIA FILHO | D90: jair.correia@itamaraty.gov.br | E90: 048485050850 | F90: SIM | G90: SIM | H90: contato direto | I90: =IF(G90="SIM","Deve comparecer",IF(G90="NÃO","Não deve comparecer",IF(F90="SIM","Confirmar","Não deve comparecer"))) | J90: =IF(I90="Deve comparecer","",MATCH(A90,'Por seção'!$A$2:$A$29,0)*10+1)
A91: 3315 | B91: 1º Mesário | C91: HUMBERTO ALAF RIBEIRO MARTINS | D91: alaf.ribeiro.965@gmail.com | E91: 432966340108 | F91: SIM | G91: SIM | H91: 11 | I91: =IF(G91="SIM","Deve comparecer",IF(G91="NÃO","Não deve comparecer",IF(F91="SIM","Confirmar","Não deve comparecer"))) | J91: =IF(I91="Deve comparecer","",MATCH(A91,'Por seção'!$A$2:$A$29,0)*10+2)
A92: 3315 | B92: 2º Mesário | C92: JESSICA MENDES | D92: jmendes_mendes@live.com | E92: 371589770116 | F92: SIM | G92: SIM | H92: 34 | I92: =IF(G92="SIM","Deve comparecer",IF(G92="NÃO","Não deve comparecer",IF(F92="SIM","Confirmar","Não deve comparecer"))) | J92: =IF(I92="Deve comparecer","",MATCH(A92,'Por seção'!$A$2:$A$29,0)*10+4)
A93: 3315 | B93: 1º Secretário | C93: ALANE GERSSICA DE ANDRADE DO NASCIMENTO | D93: alanegerssicaandrade@gmail.com | E93: 067033051090 | F93: NÃO | G93: NÃO | H93: 24 | I93: =IF(G93="SIM","Deve comparecer",IF(G93="NÃO","Não deve comparecer",IF(F93="SIM","Confirmar","Não deve comparecer"))) | J93: =IF(I93="Deve comparecer","",MATCH(A93,'Por seção'!$A$2:$A$29,0)*10+3)
A94: 3322 | B94: Presidente | C94: MAÍRA FABIOLA FABIANI | D94: maira.fabiani@itamaraty.gov.br | E94: 291911490183 | F94: SIM | G94: SIM | H94: contato direto | I94: =IF(G94="SIM","Deve comparecer",IF(G94="NÃO","Não deve comparecer",IF(F94="SIM","Confirmar","Não deve comparecer"))) | J94: =IF(I94="Deve comparecer","",MATCH(A94,'Por seção'!$A$2:$A$29,0)*10+1)
A95: 3322 | B95: 1º Mesário | C95: BRENDA ALVES DA SILVA | D95: alves.brenda65@gmail.com | E95: 138840380256 | F95: SIM | G95: SIM | H95: 62 | I95: =IF(G95="SIM","Deve comparecer",IF(G95="NÃO","Não deve comparecer",IF(F95="SIM","Confirmar","Não deve comparecer"))) | J95: =IF(I95="Deve comparecer","",MATCH(A95,'Por seção'!$A$2:$A$29,0)*10+2)
A96: 3322 | B96: 2º Mesário | C96: RUDINEI CORDEIRO | E96: 070501940973 | F96: NÃO | I96: =IF(G96="SIM","Deve comparecer",IF(G96="NÃO","Não deve comparecer",IF(F96="SIM","Confirmar","Não deve comparecer"))) | J96: =IF(I96="Deve comparecer","",MATCH(A96,'Por seção'!$A$2:$A$29,0)*10+4)
A97: 3322 | B97: 1º Secretário | C97: NADIA FERNANDA WEBER | D97: nadiaweber12@yahoo.com.br | E97: 060098140973 | F97: SIM | G97: SIM | H97: 49 | I97: =IF(G97="SIM","Deve comparecer",IF(G97="NÃO","Não deve comparecer",IF(F97="SIM","Confirmar","Não deve comparecer"))) | J97: =IF(I97="Deve comparecer","",MATCH(A97,'Por seção'!$A$2:$A$29,0)*10+3)
A98: 3442 | B98: Presidente | C98: DANILO ANDERSON FERRAREIS | D98: danferrareis@hotmail.com | E98: 221461620116 | F98: SIM | G98: SIM | H98: 13 | I98: =IF(G98="SIM","Deve comparecer",IF(G98="NÃO","Não deve comparecer",IF(F98="SIM","Confirmar","Não deve comparecer"))) | J98: =IF(I98="Deve comparecer","",MATCH(A98,'Por seção'!$A$2:$A$29,0)*10+1)
A99: 3442 | B99: 1º Mesário | C99: GUSTAVO DAVID LOPES | D99: tstrhgt@gmail.com | E99: 378192050116 | F99: NÃO | I99: =IF(G99="SIM","Deve comparecer",IF(G99="NÃO","Não deve comparecer",IF(F99="SIM","Confirmar","Não deve comparecer"))) | J99: =IF(I99="Deve comparecer","",MATCH(A99,'Por seção'!$A$2:$A$29,0)*10+2)
A100: 3442 | B100: 2º Mesário | C100: TIFANY AZUMA TROMBINO XANDÚ | D100: tifanyazuma@outlook.com | E100: 434149230132 | F100: NÃO | I100: =IF(G100="SIM","Deve comparecer",IF(G100="NÃO","Não deve comparecer",IF(F100="SIM","Confirmar","Não deve comparecer"))) | J100: =IF(I100="Deve comparecer","",MATCH(A100,'Por seção'!$A$2:$A$29,0)*10+4)
...

Sheet Funções a preencher
A1: Seção | B1: Função | C1: Nome do designado | D1: Sugestão de ação | F1: A preencher | G1: =COUNT('Mesários'!$J$2:$J$113)
A2: =IFERROR(INDEX('Mesários'!$A$2:$A$113,MATCH(SMALL('Mesários'!$J$2:$J$113,1),'Mesários'!$J$2:$J$113,0)),"") | B2: =IFERROR(INDEX('Mesários'!$B$2:$B$113,MATCH(SMALL('Mesários'!$J$2:$J$113,1),'Mesários'!$J$2:$J$113,0)),"") | C2: =IFERROR(INDEX('Mesários'!$C$2:$C$113,MATCH(SMALL('Mesários'!$J$2:$J$113,1),'Mesários'!$J$2:$J$113,0)),"") | D2: =IFERROR(CHOOSE(MATCH(INDEX('Mesários'!$I$2:$I$113,MATCH(SMALL('Mesários'!$J$2:$J$113,1),'Mesários'!$J$2:$J$113,0)),{"Confirmar","Não deve comparecer","Vago"},0),"Contatar para confirmar presença","Recrutar substituto","Recrutar mesário (função vaga)"),"")
A3: =IFERROR(INDEX('Mesários'!$A$2:$A$113,MATCH(SMALL('Mesários'!$J$2:$J$113,2),'Mesários'!$J$2:$J$113,0)),"") | B3: =IFERROR(INDEX('Mesários'!$B$2:$B$113,MATCH(SMALL('Mesários'!$J$2:$J$113,2),'Mesários'!$J$2:$J$113,0)),"") | C3: =IFERROR(INDEX('Mesários'!$C$2:$C$113,MATCH(SMALL('Mesários'!$J$2:$J$113,2),'Mesários'!$J$2:$J$113,0)),"") | D3: =IFERROR(CHOOSE(MATCH(INDEX('Mesários'!$I$2:$I$113,MATCH(SMALL('Mesários'!$J$2:$J$113,2),'Mesários'!$J$2:$J$113,0)),{"Confirmar","Não deve comparecer","Vago"},0),"Contatar para confirmar presença","Recrutar substituto","Recrutar mesário (função vaga)"),"")
A4: =IFERROR(INDEX('Mesários'!$A$2:$A$113,MATCH(SMALL('Mesários'!$J$2:$J$113,3),'Mesários'!$J$2:$J$113,0)),"") | B4: =IFERROR(INDEX('Mesários'!$B$2:$B$113,MATCH(SMALL('Mesários'!$J$2:$J$113,3),'Mesários'!$J$2:$J$113,0)),"") | C4: =IFERROR(INDEX('Mesários'!$C$2:$C$113,MATCH(SMALL('Mesários'!$J$2:$J$113,3),'Mesários'!$J$2:$J$113,0)),"") | D4: =IFERROR(CHOOSE(MATCH(INDEX('Mesários'!$I$2:$I$113,MATCH(SMALL('Mesários'!$J$2:$J$113,3),'Mesários'!$J$2:$J$113,0)),{"Confirmar","Não deve comparecer","Vago"},0),"Contatar para confirmar presença","Recrutar substituto","Recrutar mesário (função vaga)"),"")
A5: =IFERROR(INDEX('Mesários'!$A$2:$A$113,MATCH(SMALL('Mesários'!$J$2:$J$113,4),'Mesários'!$J$2:$J$113,0)),"") | B5: =IFERROR(INDEX('Mesários'!$B$2:$B$113,MATCH(SMALL('Mesários'!$J$2:$J$113,4),'Mesários'!$J$2:$J$113,0)),"") | C5: =IFERROR(INDEX('Mesários'!$C$2:$C$113,MATCH(SMALL('Mesários'!$J$2:$J$113,4),'Mesários'!$J$2:$J$113,0)),"") | D5: =IFERROR(CHOOSE(MATCH(INDEX('Mesários'!$I$2:$I$113,MATCH(SMALL('Mesários'!$J$2:$J$113,4),'Mesários'!$J$2:$J$113,0)),{"Confirmar","Não deve comparecer","Vago"},0),"Contatar para confirmar presença","Recrutar substituto","Recrutar mesário (função vaga)"),"")
A6: =IFERROR(INDEX('Mesários'!$A$2:$A$113,MATCH(SMALL('Mesários'!$J$2:$J$113,5),'Mesários'!$J$2:$J$113,0)),"") | B6: =IFERROR(INDEX('Mesários'!$B$2:$B$113,MATCH(SMALL('Mesários'!$J$2:$J$113,5),'Mesários'!$J$2:$J$113,0)),"") | C6: =IFERROR(INDEX('Mesários'!$C$2:$C$113,MATCH(SMALL('Mesários'!$J$2:$J$113,5),'Mesários'!$J$2:$J$113,0)),"") | D6: =IFERROR(CHOOSE(MATCH(INDEX('Mesários'!$I$2:$I$113,MATCH(SMALL('Mesários'!$J$2:$J$113,5),'Mesários'!$J$2:$J$113,0)),{"Confirmar","Não deve comparecer","Vago"},0),"Contatar para confirmar presença","Recrutar substituto","Recrutar mesário (função vaga)"),"")
A7: =IFERROR(INDEX('Mesários'!$A$2:$A$113,MATCH(SMALL('Mesários'!$J$2:$J$113,6),'Mesários'!$J$2:$J$113,0)),"") | B7: =IFERROR(INDEX('Mesários'!$B$2:$B$113,MATCH(SMALL('Mesários'!$J$2:$J$113,6),'Mesários'!$J$2:$J$113,0)),"") | C7: =IFERROR(INDEX('Mesários'!$C$2:$C$113,MATCH(SMALL('Mesários'!$J$2:$J$113,6),'Mesários'!$J$2:$J$113,0)),"") | D7: =IFERROR(CHOOSE(MATCH(INDEX('Mesários'!$I$2:$I$113,MATCH(SMALL('Mesários'!$J$2:$J$113,6),'Mesários'!$J$2:$J$113,0)),{"Confirmar","Não deve comparecer","Vago"},0),"Contatar para confirmar presença","Recrutar substituto","Recrutar mesário (função vaga)"),"")
A8: =IFERROR(INDEX('Mesários'!$A$2:$A$113,MATCH(SMALL('Mesários'!$J$2:$J$113,7),'Mesários'!$J$2:$J$113,0)),"") | B8: =IFERROR(INDEX('Mesários'!$B$2:$B$113,MATCH(SMALL('Mesários'!$J$2:$J$113,7),'Mesários'!$J$2:$J$113,0)),"") | C8: =IFERROR(INDEX('Mesários'!$C$2:$C$113,MATCH(SMALL('Mesários'!$J$2:$J$113,7),'Mesários'!$J$2:$J$113,0)),"") | D8: =IFERROR(CHOOSE(MATCH(INDEX('Mesários'!$I$2:$I$113,MATCH(SMALL('Mesários'!$J$2:$J$113,7),'Mesários'!$J$2:$J$113,0)),{"Confirmar","Não deve comparecer","Vago"},0),"Contatar para confirmar presença","Recrutar substituto","Recrutar mesário (função vaga)"),"")
A9: =IFERROR(INDEX('Mesários'!$A$2:$A$113,MATCH(SMALL('Mesários'!$J$2:$J$113,8),'Mesários'!$J$2:$J$113,0)),"") | B9: =IFERROR(INDEX('Mesários'!$B$2:$B$113,MATCH(SMALL('Mesários'!$J$2:$J$113,8),'Mesários'!$J$2:$J$113,0)),"") | C9: =IFERROR(INDEX('Mesários'!$C$2:$C$113,MATCH(SMALL('Mesários'!$J$2:$J$113,8),'Mesários'!$J$2:$J$113,0)),"") | D9: =IFERROR(CHOOSE(MATCH(INDEX('Mesários'!$I$2:$I$113,MATCH(SMALL('Mesários'!$J$2:$J$113,8),'Mesários'!$J$2:$J$113,0)),{"Confirmar","Não deve comparecer","Vago"},0),"Contatar para confirmar presença","Recrutar substituto","Recrutar mesário (função vaga)"),"")
A10: =IFERROR(INDEX('Mesários'!$A$2:$A$113,MATCH(SMALL('Mesários'!$J$2:$J$113,9),'Mesários'!$J$2:$J$113,0)),"") | B10: =IFERROR(INDEX('Mesários'!$B$2:$B$113,MATCH(SMALL('Mesários'!$J$2:$J$113,9),'Mesários'!$J$2:$J$113,0)),"") | C10: =IFERROR(INDEX('Mesários'!$C$2:$C$113,MATCH(SMALL('Mesários'!$J$2:$J$113,9),'Mesários'!$J$2:$J$113,0)),"") | D10: =IFERROR(CHOOSE(MATCH(INDEX('Mesários'!$I$2:$I$113,MATCH(SMALL('Mesários'!$J$2:$J$113,9),'Mesários'!$J$2:$J$113,0)),{"Confirmar","Não deve comparecer","Vago"},0),"Contatar para confirmar presença","Recrutar substituto","Recrutar mesário (função vaga)"),"")
A11: =IFERROR(INDEX('Mesários'!$A$2:$A$113,MATCH(SMALL('Mesários'!$J$2:$J$113,10),'Mesários'!$J$2:$J$113,0)),"") | B11: =IFERROR(INDEX('Mesários'!$B$2:$B$113,MATCH(SMALL('Mesários'!$J$2:$J$113,10),'Mesários'!$J$2:$J$113,0)),"") | C11: =IFERROR(INDEX('Mesários'!$C$2:$C$113,MATCH(SMALL('Mesários'!$J$2:$J$113,10),'Mesários'!$J$2:$J$113,0)),"") | D11: =IFERROR(CHOOSE(MATCH(INDEX('Mesários'!$I$2:$I$113,MATCH(SMALL('Mesários'!$J$2:$J$113,10),'Mesários'!$J$2:$J$113,0)),{"Confirmar","Não deve comparecer","Vago"},0),"Contatar para confirmar presença","Recrutar substituto","Recrutar mesário (função vaga)"),"")
A12: =IFERROR(INDEX('Mesários'!$A$2:$A$113,MATCH(SMALL('Mesários'!$J$2:$J$113,11),'Mesários'!$J$2:$J$113,0)),"") | B12: =IFERROR(INDEX('Mesários'!$B$2:$B$113,MATCH(SMALL('Mesários'!$J$2:$J$113,11),'Mesários'!$J$2:$J$113,0)),"") | C12: =IFERROR(INDEX('Mesários'!$C$2:$C$113,MATCH(SMALL('Mesários'!$J$2:$J$113,11),'Mesários'!$J$2:$J$113,0)),"") | D12: =IFERROR(CHOOSE(MATCH(INDEX('Mesários'!$I$2:$I$113,MATCH(SMALL('Mesários'!$J$2:$J$113,11),'Mesários'!$J$2:$J$113,0)),{"Confirmar","Não deve comparecer","Vago"},0),"Contatar para confirmar presença","Recrutar substituto","Recrutar mesário (função vaga)"),"")
A13: =IFERROR(INDEX('Mesários'!$A$2:$A$113,MATCH(SMALL('Mesários'!$J$2:$J$113,12),'Mesários'!$J$2:$J$113,0)),"") | B13: =IFERROR(INDEX('Mesários'!$B$2:$B$113,MATCH(SMALL('Mesários'!$J$2:$J$113,12),'Mesários'!$J$2:$J$113,0)),"") | C13: =IFERROR(INDEX('Mesários'!$C$2:$C$113,MATCH(SMALL('Mesários'!$J$2:$J$113,12),'Mesários'!$J$2:$J$113,0)),"") | D13: =IFERROR(CHOOSE(MATCH(INDEX('Mesários'!$I$2:$I$113,MATCH(SMALL('Mesários'!$J$2:$J$113,12),'Mesários'!$J$2:$J$113,0)),{"Confirmar","Não deve comparecer","Vago"},0),"Contatar para confirmar presença","Recrutar substituto","Recrutar mesário (função vaga)"),"")
A14: =IFERROR(INDEX('Mesários'!$A$2:$A$113,MATCH(SMALL('Mesários'!$J$2:$J$113,13),'Mesários'!$J$2:$J$113,0)),"") | B14: =IFERROR(INDEX('Mesários'!$B$2:$B$113,MATCH(SMALL('Mesários'!$J$2:$J$113,13),'Mesários'!$J$2:$J$113,0)),"") | C14: =IFERROR(INDEX('Mesários'!$C$2:$C$113,MATCH(SMALL('Mesários'!$J$2:$J$113,13),'Mesários'!$J$2:$J$113,0)),"") | D14: =IFERROR(CHOOSE(MATCH(INDEX('Mesários'!$I$2:$I$113,MATCH(SMALL('Mesários'!$J$2:$J$113,13),'Mesários'!$J$2:$J$113,0)),{"Confirmar","Não deve comparecer","Vago"},0),"Contatar para confirmar presença","Recrutar substituto","Recrutar mesário (função vaga)"),"")
A15: =IFERROR(INDEX('Mesários'!$A$2:$A$113,MATCH(SMALL('Mesários'!$J$2:$J$113,14),'Mesários'!$J$2:$J$113,0)),"") | B15: =IFERROR(INDEX('Mesários'!$B$2:$B$113,MATCH(SMALL('Mesários'!$J$2:$J$113,14),'Mesários'!$J$2:$J$113,0)),"") | C15: =IFERROR(INDEX('Mesários'!$C$2:$C$113,MATCH(SMALL('Mesários'!$J$2:$J$113,14),'Mesários'!$J$2:$J$113,0)),"") | D15: =IFERROR(CHOOSE(MATCH(INDEX('Mesários'!$I$2:$I$113,MATCH(SMALL('Mesários'!$J$2:$J$113,14),'Mesários'!$J$2:$J$113,0)),{"Confirmar","Não deve comparecer","Vago"},0),"Contatar para confirmar presença","Recrutar substituto","Recrutar mesário (função vaga)"),"")
A16: =IFERROR(INDEX('Mesários'!$A$2:$A$113,MATCH(SMALL('Mesários'!$J$2:$J$113,15),'Mesários'!$J$2:$J$113,0)),"") | B16: =IFERROR(INDEX('Mesários'!$B$2:$B$113,MATCH(SMALL('Mesários'!$J$2:$J$113,15),'Mesários'!$J$2:$J$113,0)),"") | C16: =IFERROR(INDEX('Mesários'!$C$2:$C$113,MATCH(SMALL('Mesários'!$J$2:$J$113,15),'Mesários'!$J$2:$J$113,0)),"") | D16: =IFERROR(CHOOSE(MATCH(INDEX('Mesários'!$I$2:$I$113,MATCH(SMALL('Mesários'!$J$2:$J$113,15),'Mesários'!$J$2:$J$113,0)),{"Confirmar","Não deve comparecer","Vago"},0),"Contatar para confirmar presença","Recrutar substituto","Recrutar mesário (função vaga)"),"")
A17: =IFERROR(INDEX('Mesários'!$A$2:$A$113,MATCH(SMALL('Mesários'!$J$2:$J$113,16),'Mesários'!$J$2:$J$113,0)),"") | B17: =IFERROR(INDEX('Mesários'!$B$2:$B$113,MATCH(SMALL('Mesários'!$J$2:$J$113,16),'Mesários'!$J$2:$J$113,0)),"") | C17: =IFERROR(INDEX('Mesários'!$C$2:$C$113,MATCH(SMALL('Mesários'!$J$2:$J$113,16),'Mesários'!$J$2:$J$113,0)),"") | D17: =IFERROR(CHOOSE(MATCH(INDEX('Mesários'!$I$2:$I$113,MATCH(SMALL('Mesários'!$J$2:$J$113,16),'Mesários'!$J$2:$J$113,0)),{"Confirmar","Não deve comparecer","Vago"},0),"Contatar para confirmar presença","Recrutar substituto","Recrutar mesário (função vaga)"),"")
A18: =IFERROR(INDEX('Mesários'!$A$2:$A$113,MATCH(SMALL('Mesários'!$J$2:$J$113,17),'Mesários'!$J$2:$J$113,0)),"") | B18: =IFERROR(INDEX('Mesários'!$B$2:$B$113,MATCH(SMALL('Mesários'!$J$2:$J$113,17),'Mesários'!$J$2:$J$113,0)),"") | C18: =IFERROR(INDEX('Mesários'!$C$2:$C$113,MATCH(SMALL('Mesários'!$J$2:$J$113,17),'Mesários'!$J$2:$J$113,0)),"") | D18: =IFERROR(CHOOSE(MATCH(INDEX('Mesários'!$I$2:$I$113,MATCH(SMALL('Mesários'!$J$2:$J$113,17),'Mesários'!$J$2:$J$113,0)),{"Confirmar","Não deve comparecer","Vago"},0),"Contatar para confirmar presença","Recrutar substituto","Recrutar mesário (função vaga)"),"")
A19: =IFERROR(INDEX('Mesários'!$A$2:$A$113,MATCH(SMALL('Mesários'!$J$2:$J$113,18),'Mesários'!$J$2:$J$113,0)),"") | B19: =IFERROR(INDEX('Mesários'!$B$2:$B$113,MATCH(SMALL('Mesários'!$J$2:$J$113,18),'Mesários'!$J$2:$J$113,0)),"") | C19: =IFERROR(INDEX('Mesários'!$C$2:$C$113,MATCH(SMALL('Mesários'!$J$2:$J$113,18),'Mesários'!$J$2:$J$113,0)),"") | D19: =IFERROR(CHOOSE(MATCH(INDEX('Mesários'!$I$2:$I$113,MATCH(SMALL('Mesários'!$J$2:$J$113,18),'Mesários'!$J$2:$J$113,0)),{"Confirmar","Não deve comparecer","Vago"},0),"Contatar para confirmar presença","Recrutar substituto","Recrutar mesário (função vaga)"),"")
A20: =IFERROR(INDEX('Mesários'!$A$2:$A$113,MATCH(SMALL('Mesários'!$J$2:$J$113,19),'Mesários'!$J$2:$J$113,0)),"") | B20: =IFERROR(INDEX('Mesários'!$B$2:$B$113,MATCH(SMALL('Mesários'!$J$2:$J$113,19),'Mesários'!$J$2:$J$113,0)),"") | C20: =IFERROR(INDEX('Mesários'!$C$2:$C$113,MATCH(SMALL('Mesários'!$J$2:$J$113,19),'Mesários'!$J$2:$J$113,0)),"") | D20: =IFERROR(CHOOSE(MATCH(INDEX('Mesários'!$I$2:$I$113,MATCH(SMALL('Mesários'!$J$2:$J$113,19),'Mesários'!$J$2:$J$113,0)),{"Confirmar","Não deve comparecer","Vago"},0),"Contatar para confirmar presença","Recrutar substituto","Recrutar mesário (função vaga)"),"")
A21: =IFERROR(INDEX('Mesários'!$A$2:$A$113,MATCH(SMALL('Mesários'!$J$2:$J$113,20),'Mesários'!$J$2:$J$113,0)),"") | B21: =IFERROR(INDEX('Mesários'!$B$2:$B$113,MATCH(SMALL('Mesários'!$J$2:$J$113,20),'Mesários'!$J$2:$J$113,0)),"") | C21: =IFERROR(INDEX('Mesários'!$C$2:$C$113,MATCH(SMALL('Mesários'!$J$2:$J$113,20),'Mesários'!$J$2:$J$113,0)),"") | D21: =IFERROR(CHOOSE(MATCH(INDEX('Mesários'!$I$2:$I$113,MATCH(SMALL('Mesários'!$J$2:$J$113,20),'Mesários'!$J$2:$J$113,0)),{"Confirmar","Não deve comparecer","Vago"},0),"Contatar para confirmar presença","Recrutar substituto","Recrutar mesário (função vaga)"),"")
A22: =IFERROR(INDEX('Mesários'!$A$2:$A$113,MATCH(SMALL('Mesários'!$J$2:$J$113,21),'Mesários'!$J$2:$J$113,0)),"") | B22: =IFERROR(INDEX('Mesários'!$B$2:$B$113,MATCH(SMALL('Mesários'!$J$2:$J$113,21),'Mesários'!$J$2:$J$113,0)),"") | C22: =IFERROR(INDEX('Mesários'!$C$2:$C$113,MATCH(SMALL('Mesários'!$J$2:$J$113,21),'Mesários'!$J$2:$J$113,0)),"") | D22: =IFERROR(CHOOSE(MATCH(INDEX('Mesários'!$I$2:$I$113,MATCH(SMALL('Mesários'!$J$2:$J$113,21),'Mesários'!$J$2:$J$113,0)),{"Confirmar","Não deve comparecer","Vago"},0),"Contatar para confirmar presença","Recrutar substituto","Recrutar mesário (função vaga)"),"")
A23: =IFERROR(INDEX('Mesários'!$A$2:$A$113,MATCH(SMALL('Mesários'!$J$2:$J$113,22),'Mesários'!$J$2:$J$113,0)),"") | B23: =IFERROR(INDEX('Mesários'!$B$2:$B$113,MATCH(SMALL('Mesários'!$J$2:$J$113,22),'Mesários'!$J$2:$J$113,0)),"") | C23: =IFERROR(INDEX('Mesários'!$C$2:$C$113,MATCH(SMALL('Mesários'!$J$2:$J$113,22),'Mesários'!$J$2:$J$113,0)),"") | D23: =IFERROR(CHOOSE(MATCH(INDEX('Mesários'!$I$2:$I$113,MATCH(SMALL('Mesários'!$J$2:$J$113,22),'Mesários'!$J$2:$J$113,0)),{"Confirmar","Não deve comparecer","Vago"},0),"Contatar para confirmar presença","Recrutar substituto","Recrutar mesário (função vaga)"),"")
A24: =IFERROR(INDEX('Mesários'!$A$2:$A$113,MATCH(SMALL('Mesários'!$J$2:$J$113,23),'Mesários'!$J$2:$J$113,0)),"") | B24: =IFERROR(INDEX('Mesários'!$B$2:$B$113,MATCH(SMALL('Mesários'!$J$2:$J$113,23),'Mesários'!$J$2:$J$113,0)),"") | C24: =IFERROR(INDEX('Mesários'!$C$2:$C$113,MATCH(SMALL('Mesários'!$J$2:$J$113,23),'Mesários'!$J$2:$J$113,0)),"") | D24: =IFERROR(CHOOSE(MATCH(INDEX('Mesários'!$I$2:$I$113,MATCH(SMALL('Mesários'!$J$2:$J$113,23),'Mesários'!$J$2:$J$113,0)),{"Confirmar","Não deve comparecer","Vago"},0),"Contatar para confirmar presença","Recrutar substituto","Recrutar mesário (função vaga)"),"")
A25: =IFERROR(INDEX('Mesários'!$A$2:$A$113,MATCH(SMALL('Mesários'!$J$2:$J$113,24),'Mesários'!$J$2:$J$113,0)),"") | B25: =IFERROR(INDEX('Mesários'!$B$2:$B$113,MATCH(SMALL('Mesários'!$J$2:$J$113,24),'Mesários'!$J$2:$J$113,0)),"") | C25: =IFERROR(INDEX('Mesários'!$C$2:$C$113,MATCH(SMALL('Mesários'!$J$2:$J$113,24),'Mesários'!$J$2:$J$113,0)),"") | D25: =IFERROR(CHOOSE(MATCH(INDEX('Mesários'!$I$2:$I$113,MATCH(SMALL('Mesários'!$J$2:$J$113,24),'Mesários'!$J$2:$J$113,0)),{"Confirmar","Não deve comparecer","Vago"},0),"Contatar para confirmar presença","Recrutar substituto","Recrutar mesário (função vaga)"),"")
A26: =IFERROR(INDEX('Mesários'!$A$2:$A$113,MATCH(SMALL('Mesários'!$J$2:$J$113,25),'Mesários'!$J$2:$J$113,0)),"") | B26: =IFERROR(INDEX('Mesários'!$B$2:$B$113,MATCH(SMALL('Mesários'!$J$2:$J$113,25),'Mesários'!$J$2:$J$113,0)),"") | C26: =IFERROR(INDEX('Mesários'!$C$2:$C$113,MATCH(SMALL('Mesários'!$J$2:$J$113,25),'Mesários'!$J$2:$J$113,0)),"") | D26: =IFERROR(CHOOSE(MATCH(INDEX('Mesários'!$I$2:$I$113,MATCH(SMALL('Mesários'!$J$2:$J$113,25),'Mesários'!$J$2:$J$113,0)),{"Confirmar","Não deve comparecer","Vago"},0),"Contatar para confirmar presença","Recrutar substituto","Recrutar mesário (função vaga)"),"")
A27: =IFERROR(INDEX('Mesários'!$A$2:$A$113,MATCH(SMALL('Mesários'!$J$2:$J$113,26),'Mesários'!$J$2:$J$113,0)),"") | B27: =IFERROR(INDEX('Mesários'!$B$2:$B$113,MATCH(SMALL('Mesários'!$J$2:$J$113,26),'Mesários'!$J$2:$J$113,0)),"") | C27: =IFERROR(INDEX('Mesários'!$C$2:$C$113,MATCH(SMALL('Mesários'!$J$2:$J$113,26),'Mesários'!$J$2:$J$113,0)),"") | D27: =IFERROR(CHOOSE(MATCH(INDEX('Mesários'!$I$2:$I$113,MATCH(SMALL('Mesários'!$J$2:$J$113,26),'Mesários'!$J$2:$J$113,0)),{"Confirmar","Não deve comparecer","Vago"},0),"Contatar para confirmar presença","Recrutar substituto","Recrutar mesário (função vaga)"),"")
A28: =IFERROR(INDEX('Mesários'!$A$2:$A$113,MATCH(SMALL('Mesários'!$J$2:$J$113,27),'Mesários'!$J$2:$J$113,0)),"") | B28: =IFERROR(INDEX('Mesários'!$B$2:$B$113,MATCH(SMALL('Mesários'!$J$2:$J$113,27),'Mesários'!$J$2:$J$113,0)),"") | C28: =IFERROR(INDEX('Mesários'!$C$2:$C$113,MATCH(SMALL('Mesários'!$J$2:$J$113,27),'Mesários'!$J$2:$J$113,0)),"") | D28: =IFERROR(CHOOSE(MATCH(INDEX('Mesários'!$I$2:$I$113,MATCH(SMALL('Mesários'!$J$2:$J$113,27),'Mesários'!$J$2:$J$113,0)),{"Confirmar","Não deve comparecer","Vago"},0),"Contatar para confirmar presença","Recrutar substituto","Recrutar mesário (função vaga)"),"")
A29: =IFERROR(INDEX('Mesários'!$A$2:$A$113,MATCH(SMALL('Mesários'!$J$2:$J$113,28),'Mesários'!$J$2:$J$113,0)),"") | B29: =IFERROR(INDEX('Mesários'!$B$2:$B$113,MATCH(SMALL('Mesários'!$J$2:$J$113,28),'Mesários'!$J$2:$J$113,0)),"") | C29: =IFERROR(INDEX('Mesários'!$C$2:$C$113,MATCH(SMALL('Mesários'!$J$2:$J$113,28),'Mesários'!$J$2:$J$113,0)),"") | D29: =IFERROR(CHOOSE(MATCH(INDEX('Mesários'!$I$2:$I$113,MATCH(SMALL('Mesários'!$J$2:$J$113,28),'Mesários'!$J$2:$J$113,0)),{"Confirmar","Não deve comparecer","Vago"},0),"Contatar para confirmar presença","Recrutar substituto","Recrutar mesário (função vaga)"),"")
A30: =IFERROR(INDEX('Mesários'!$A$2:$A$113,MATCH(SMALL('Mesários'!$J$2:$J$113,29),'Mesários'!$J$2:$J$113,0)),"") | B30: =IFERROR(INDEX('Mesários'!$B$2:$B$113,MATCH(SMALL('Mesários'!$J$2:$J$113,29),'Mesários'!$J$2:$J$113,0)),"") | C30: =IFERROR(INDEX('Mesários'!$C$2:$C$113,MATCH(SMALL('Mesários'!$J$2:$J$113,29),'Mesários'!$J$2:$J$113,0)),"") | D30: =IFERROR(CHOOSE(MATCH(INDEX('Mesários'!$I$2:$I$113,MATCH(SMALL('Mesários'!$J$2:$J$113,29),'Mesários'!$J$2:$J$113,0)),{"Confirmar","Não deve comparecer","Vago"},0),"Contatar para confirmar presença","Recrutar substituto","Recrutar mesário (função vaga)"),"")
A31: =IFERROR(INDEX('Mesários'!$A$2:$A$113,MATCH(SMALL('Mesários'!$J$2:$J$113,30),'Mesários'!$J$2:$J$113,0)),"") | B31: =IFERROR(INDEX('Mesários'!$B$2:$B$113,MATCH(SMALL('Mesários'!$J$2:$J$113,30),'Mesários'!$J$2:$J$113,0)),"") | C31: =IFERROR(INDEX('Mesários'!$C$2:$C$113,MATCH(SMALL('Mesários'!$J$2:$J$113,30),'Mesários'!$J$2:$J$113,0)),"") | D31: =IFERROR(CHOOSE(MATCH(INDEX('Mesários'!$I$2:$I$113,MATCH(SMALL('Mesários'!$J$2:$J$113,30),'Mesários'!$J$2:$J$113,0)),{"Confirmar","Não deve comparecer","Vago"},0),"Contatar para confirmar presença","Recrutar substituto","Recrutar mesário (função vaga)"),"")
A32: =IFERROR(INDEX('Mesários'!$A$2:$A$113,MATCH(SMALL('Mesários'!$J$2:$J$113,31),'Mesários'!$J$2:$J$113,0)),"") | B32: =IFERROR(INDEX('Mesários'!$B$2:$B$113,MATCH(SMALL('Mesários'!$J$2:$J$113,31),'Mesários'!$J$2:$J$113,0)),"") | C32: =IFERROR(INDEX('Mesários'!$C$2:$C$113,MATCH(SMALL('Mesários'!$J$2:$J$113,31),'Mesários'!$J$2:$J$113,0)),"") | D32: =IFERROR(CHOOSE(MATCH(INDEX('Mesários'!$I$2:$I$113,MATCH(SMALL('Mesários'!$J$2:$J$113,31),'Mesários'!$J$2:$J$113,0)),{"Confirmar","Não deve comparecer","Vago"},0),"Contatar para confirmar presença","Recrutar substituto","Recrutar mesário (função vaga)"),"")
A33: =IFERROR(INDEX('Mesários'!$A$2:$A$113,MATCH(SMALL('Mesários'!$J$2:$J$113,32),'Mesários'!$J$2:$J$113,0)),"") | B33: =IFERROR(INDEX('Mesários'!$B$2:$B$113,MATCH(SMALL('Mesários'!$J$2:$J$113,32),'Mesários'!$J$2:$J$113,0)),"") | C33: =IFERROR(INDEX('Mesários'!$C$2:$C$113,MATCH(SMALL('Mesários'!$J$2:$J$113,32),'Mesários'!$J$2:$J$113,0)),"") | D33: =IFERROR(CHOOSE(MATCH(INDEX('Mesários'!$I$2:$I$113,MATCH(SMALL('Mesários'!$J$2:$J$113,32),'Mesários'!$J$2:$J$113,0)),{"Confirmar","Não deve comparecer","Vago"},0),"Contatar para confirmar presença","Recrutar substituto","Recrutar mesário (função vaga)"),"")
A34: =IFERROR(INDEX('Mesários'!$A$2:$A$113,MATCH(SMALL('Mesários'!$J$2:$J$113,33),'Mesários'!$J$2:$J$113,0)),"") | B34: =IFERROR(INDEX('Mesários'!$B$2:$B$113,MATCH(SMALL('Mesários'!$J$2:$J$113,33),'Mesários'!$J$2:$J$113,0)),"") | C34: =IFERROR(INDEX('Mesários'!$C$2:$C$113,MATCH(SMALL('Mesários'!$J$2:$J$113,33),'Mesários'!$J$2:$J$113,0)),"") | D34: =IFERROR(CHOOSE(MATCH(INDEX('Mesários'!$I$2:$I$113,MATCH(SMALL('Mesários'!$J$2:$J$113,33),'Mesários'!$J$2:$J$113,0)),{"Confirmar","Não deve comparecer","Vago"},0),"Contatar para confirmar presença","Recrutar substituto","Recrutar mesário (função vaga)"),"")
A35: =IFERROR(INDEX('Mesários'!$A$2:$A$113,MATCH(SMALL('Mesários'!$J$2:$J$113,34),'Mesários'!$J$2:$J$113,0)),"") | B35: =IFERROR(INDEX('Mesários'!$B$2:$B$113,MATCH(SMALL('Mesários'!$J$2:$J$113,34),'Mesários'!$J$2:$J$113,0)),"") | C35: =IFERROR(INDEX('Mesários'!$C$2:$C$113,MATCH(SMALL('Mesários'!$J$2:$J$113,34),'Mesários'!$J$2:$J$113,0)),"") | D35: =IFERROR(CHOOSE(MATCH(INDEX('Mesários'!$I$2:$I$113,MATCH(SMALL('Mesários'!$J$2:$J$113,34),'Mesários'!$J$2:$J$113,0)),{"Confirmar","Não deve comparecer","Vago"},0),"Contatar para confirmar presença","Recrutar substituto","Recrutar mesário (função vaga)"),"")
A36: =IFERROR(INDEX('Mesários'!$A$2:$A$113,MATCH(SMALL('Mesários'!$J$2:$J$113,35),'Mesários'!$J$2:$J$113,0)),"") | B36: =IFERROR(INDEX('Mesários'!$B$2:$B$113,MATCH(SMALL('Mesários'!$J$2:$J$113,35),'Mesários'!$J$2:$J$113,0)),"") | C36: =IFERROR(INDEX('Mesários'!$C$2:$C$113,MATCH(SMALL('Mesários'!$J$2:$J$113,35),'Mesários'!$J$2:$J$113,0)),"") | D36: =IFERROR(CHOOSE(MATCH(INDEX('Mesários'!$I$2:$I$113,MATCH(SMALL('Mesários'!$J$2:$J$113,35),'Mesários'!$J$2:$J$113,0)),{"Confirmar","Não deve comparecer","Vago"},0),"Contatar para confirmar presença","Recrutar substituto","Recrutar mesário (função vaga)"),"")
A37: =IFERROR(INDEX('Mesários'!$A$2:$A$113,MATCH(SMALL('Mesários'!$J$2:$J$113,36),'Mesários'!$J$2:$J$113,0)),"") | B37: =IFERROR(INDEX('Mesários'!$B$2:$B$113,MATCH(SMALL('Mesários'!$J$2:$J$113,36),'Mesários'!$J$2:$J$113,0)),"") | C37: =IFERROR(INDEX('Mesários'!$C$2:$C$113,MATCH(SMALL('Mesários'!$J$2:$J$113,36),'Mesários'!$J$2:$J$113,0)),"") | D37: =IFERROR(CHOOSE(MATCH(INDEX('Mesários'!$I$2:$I$113,MATCH(SMALL('Mesários'!$J$2:$J$113,36),'Mesários'!$J$2:$J$113,0)),{"Confirmar","Não deve comparecer","Vago"},0),"Contatar para confirmar presença","Recrutar substituto","Recrutar mesário (função vaga)"),"")
A38: =IFERROR(INDEX('Mesários'!$A$2:$A$113,MATCH(SMALL('Mesários'!$J$2:$J$113,37),'Mesários'!$J$2:$J$113,0)),"") | B38: =IFERROR(INDEX('Mesários'!$B$2:$B$113,MATCH(SMALL('Mesários'!$J$2:$J$113,37),'Mesários'!$J$2:$J$113,0)),"") | C38: =IFERROR(INDEX('Mesários'!$C$2:$C$113,MATCH(SMALL('Mesários'!$J$2:$J$113,37),'Mesários'!$J$2:$J$113,0)),"") | D38: =IFERROR(CHOOSE(MATCH(INDEX('Mesários'!$I$2:$I$113,MATCH(SMALL('Mesários'!$J$2:$J$113,37),'Mesários'!$J$2:$J$113,0)),{"Confirmar","Não deve comparecer","Vago"},0),"Contatar para confirmar presença","Recrutar substituto","Recrutar mesário (função vaga)"),"")
A39: =IFERROR(INDEX('Mesários'!$A$2:$A$113,MATCH(SMALL('Mesários'!$J$2:$J$113,38),'Mesários'!$J$2:$J$113,0)),"") | B39: =IFERROR(INDEX('Mesários'!$B$2:$B$113,MATCH(SMALL('Mesários'!$J$2:$J$113,38),'Mesários'!$J$2:$J$113,0)),"") | C39: =IFERROR(INDEX('Mesários'!$C$2:$C$113,MATCH(SMALL('Mesários'!$J$2:$J$113,38),'Mesários'!$J$2:$J$113,0)),"") | D39: =IFERROR(CHOOSE(MATCH(INDEX('Mesários'!$I$2:$I$113,MATCH(SMALL('Mesários'!$J$2:$J$113,38),'Mesários'!$J$2:$J$113,0)),{"Confirmar","Não deve comparecer","Vago"},0),"Contatar para confirmar presença","Recrutar substituto","Recrutar mesário (função vaga)"),"")
A40: =IFERROR(INDEX('Mesários'!$A$2:$A$113,MATCH(SMALL('Mesários'!$J$2:$J$113,39),'Mesários'!$J$2:$J$113,0)),"") | B40: =IFERROR(INDEX('Mesários'!$B$2:$B$113,MATCH(SMALL('Mesários'!$J$2:$J$113,39),'Mesários'!$J$2:$J$113,0)),"") | C40: =IFERROR(INDEX('Mesários'!$C$2:$C$113,MATCH(SMALL('Mesários'!$J$2:$J$113,39),'Mesários'!$J$2:$J$113,0)),"") | D40: =IFERROR(CHOOSE(MATCH(INDEX('Mesários'!$I$2:$I$113,MATCH(SMALL('Mesários'!$J$2:$J$113,39),'Mesários'!$J$2:$J$113,0)),{"Confirmar","Não deve comparecer","Vago"},0),"Contatar para confirmar presença","Recrutar substituto","Recrutar mesário (função vaga)"),"")
A41: =IFERROR(INDEX('Mesários'!$A$2:$A$113,MATCH(SMALL('Mesários'!$J$2:$J$113,40),'Mesários'!$J$2:$J$113,0)),"") | B41: =IFERROR(INDEX('Mesários'!$B$2:$B$113,MATCH(SMALL('Mesários'!$J$2:$J$113,40),'Mesários'!$J$2:$J$113,0)),"") | C41: =IFERROR(INDEX('Mesários'!$C$2:$C$113,MATCH(SMALL('Mesários'!$J$2:$J$113,40),'Mesários'!$J$2:$J$113,0)),"") | D41: =IFERROR(CHOOSE(MATCH(INDEX('Mesários'!$I$2:$I$113,MATCH(SMALL('Mesários'!$J$2:$J$113,40),'Mesários'!$J$2:$J$113,0)),{"Confirmar","Não deve comparecer","Vago"},0),"Contatar para confirmar presença","Recrutar substituto","Recrutar mesário (função vaga)"),"")
A42: =IFERROR(INDEX('Mesários'!$A$2:$A$113,MATCH(SMALL('Mesários'!$J$2:$J$113,41),'Mesários'!$J$2:$J$113,0)),"") | B42: =IFERROR(INDEX('Mesários'!$B$2:$B$113,MATCH(SMALL('Mesários'!$J$2:$J$113,41),'Mesários'!$J$2:$J$113,0)),"") | C42: =IFERROR(INDEX('Mesários'!$C$2:$C$113,MATCH(SMALL('Mesários'!$J$2:$J$113,41),'Mesários'!$J$2:$J$113,0)),"") | D42: =IFERROR(CHOOSE(MATCH(INDEX('Mesários'!$I$2:$I$113,MATCH(SMALL('Mesários'!$J$2:$J$113,41),'Mesários'!$J$2:$J$113,0)),{"Confirmar","Não deve comparecer","Vago"},0),"Contatar para confirmar presença","Recrutar substituto","Recrutar mesário (função vaga)"),"")
A43: =IFERROR(INDEX('Mesários'!$A$2:$A$113,MATCH(SMALL('Mesários'!$J$2:$J$113,42),'Mesários'!$J$2:$J$113,0)),"") | B43: =IFERROR(INDEX('Mesários'!$B$2:$B$113,MATCH(SMALL('Mesários'!$J$2:$J$113,42),'Mesários'!$J$2:$J$113,0)),"") | C43: =IFERROR(INDEX('Mesários'!$C$2:$C$113,MATCH(SMALL('Mesários'!$J$2:$J$113,42),'Mesários'!$J$2:$J$113,0)),"") | D43: =IFERROR(CHOOSE(MATCH(INDEX('Mesários'!$I$2:$I$113,MATCH(SMALL('Mesários'!$J$2:$J$113,42),'Mesários'!$J$2:$J$113,0)),{"Confirmar","Não deve comparecer","Vago"},0),"Contatar para confirmar presença","Recrutar substituto","Recrutar mesário (função vaga)"),"")
A44: =IFERROR(INDEX('Mesários'!$A$2:$A$113,MATCH(SMALL('Mesários'!$J$2:$J$113,43),'Mesários'!$J$2:$J$113,0)),"") | B44: =IFERROR(INDEX('Mesários'!$B$2:$B$113,MATCH(SMALL('Mesários'!$J$2:$J$113,43),'Mesários'!$J$2:$J$113,0)),"") | C44: =IFERROR(INDEX('Mesários'!$C$2:$C$113,MATCH(SMALL('Mesários'!$J$2:$J$113,43),'Mesários'!$J$2:$J$113,0)),"") | D44: =IFERROR(CHOOSE(MATCH(INDEX('Mesários'!$I$2:$I$113,MATCH(SMALL('Mesários'!$J$2:$J$113,43),'Mesários'!$J$2:$J$113,0)),{"Confirmar","Não deve comparecer","Vago"},0),"Contatar para confirmar presença","Recrutar substituto","Recrutar mesário (função vaga)"),"")
A45: =IFERROR(INDEX('Mesários'!$A$2:$A$113,MATCH(SMALL('Mesários'!$J$2:$J$113,44),'Mesários'!$J$2:$J$113,0)),"") | B45: =IFERROR(INDEX('Mesários'!$B$2:$B$113,MATCH(SMALL('Mesários'!$J$2:$J$113,44),'Mesários'!$J$2:$J$113,0)),"") | C45: =IFERROR(INDEX('Mesários'!$C$2:$C$113,MATCH(SMALL('Mesários'!$J$2:$J$113,44),'Mesários'!$J$2:$J$113,0)),"") | D45: =IFERROR(CHOOSE(MATCH(INDEX('Mesários'!$I$2:$I$113,MATCH(SMALL('Mesários'!$J$2:$J$113,44),'Mesários'!$J$2:$J$113,0)),{"Confirmar","Não deve comparecer","Vago"},0),"Contatar para confirmar presença","Recrutar substituto","Recrutar mesário (função vaga)"),"")
A46: =IFERROR(INDEX('Mesários'!$A$2:$A$113,MATCH(SMALL('Mesários'!$J$2:$J$113,45),'Mesários'!$J$2:$J$113,0)),"") | B46: =IFERROR(INDEX('Mesários'!$B$2:$B$113,MATCH(SMALL('Mesários'!$J$2:$J$113,45),'Mesários'!$J$2:$J$113,0)),"") | C46: =IFERROR(INDEX('Mesários'!$C$2:$C$113,MATCH(SMALL('Mesários'!$J$2:$J$113,45),'Mesários'!$J$2:$J$113,0)),"") | D46: =IFERROR(CHOOSE(MATCH(INDEX('Mesários'!$I$2:$I$113,MATCH(SMALL('Mesários'!$J$2:$J$113,45),'Mesários'!$J$2:$J$113,0)),{"Confirmar","Não deve comparecer","Vago"},0),"Contatar para confirmar presença","Recrutar substituto","Recrutar mesário (função vaga)"),"")
A47: =IFERROR(INDEX('Mesários'!$A$2:$A$113,MATCH(SMALL('Mesários'!$J$2:$J$113,46),'Mesários'!$J$2:$J$113,0)),"") | B47: =IFERROR(INDEX('Mesários'!$B$2:$B$113,MATCH(SMALL('Mesários'!$J$2:$J$113,46),'Mesários'!$J$2:$J$113,0)),"") | C47: =IFERROR(INDEX('Mesários'!$C$2:$C$113,MATCH(SMALL('Mesários'!$J$2:$J$113,46),'Mesários'!$J$2:$J$113,0)),"") | D47: =IFERROR(CHOOSE(MATCH(INDEX('Mesários'!$I$2:$I$113,MATCH(SMALL('Mesários'!$J$2:$J$113,46),'Mesários'!$J$2:$J$113,0)),{"Confirmar","Não deve comparecer","Vago"},0),"Contatar para confirmar presença","Recrutar substituto","Recrutar mesário (função vaga)"),"")
A48: =IFERROR(INDEX('Mesários'!$A$2:$A$113,MATCH(SMALL('Mesários'!$J$2:$J$113,47),'Mesários'!$J$2:$J$113,0)),"") | B48: =IFERROR(INDEX('Mesários'!$B$2:$B$113,MATCH(SMALL('Mesários'!$J$2:$J$113,47),'Mesários'!$J$2:$J$113,0)),"") | C48: =IFERROR(INDEX('Mesários'!$C$2:$C$113,MATCH(SMALL('Mesários'!$J$2:$J$113,47),'Mesários'!$J$2:$J$113,0)),"") | D48: =IFERROR(CHOOSE(MATCH(INDEX('Mesários'!$I$2:$I$113,MATCH(SMALL('Mesários'!$J$2:$J$113,47),'Mesários'!$J$2:$J$113,0)),{"Confirmar","Não deve comparecer","Vago"},0),"Contatar para confirmar presença","Recrutar substituto","Recrutar mesário (função vaga)"),"")
A49: =IFERROR(INDEX('Mesários'!$A$2:$A$113,MATCH(SMALL('Mesários'!$J$2:$J$113,48),'Mesários'!$J$2:$J$113,0)),"") | B49: =IFERROR(INDEX('Mesários'!$B$2:$B$113,MATCH(SMALL('Mesários'!$J$2:$J$113,48),'Mesários'!$J$2:$J$113,0)),"") | C49: =IFERROR(INDEX('Mesários'!$C$2:$C$113,MATCH(SMALL('Mesários'!$J$2:$J$113,48),'Mesários'!$J$2:$J$113,0)),"") | D49: =IFERROR(CHOOSE(MATCH(INDEX('Mesários'!$I$2:$I$113,MATCH(SMALL('Mesários'!$J$2:$J$113,48),'Mesários'!$J$2:$J$113,0)),{"Confirmar","Não deve comparecer","Vago"},0),"Contatar para confirmar presença","Recrutar substituto","Recrutar mesário (função vaga)"),"")
A50: =IFERROR(INDEX('Mesários'!$A$2:$A$113,MATCH(SMALL('Mesários'!$J$2:$J$113,49),'Mesários'!$J$2:$J$113,0)),"") | B50: =IFERROR(INDEX('Mesários'!$B$2:$B$113,MATCH(SMALL('Mesários'!$J$2:$J$113,49),'Mesários'!$J$2:$J$113,0)),"") | C50: =IFERROR(INDEX('Mesários'!$C$2:$C$113,MATCH(SMALL('Mesários'!$J$2:$J$113,49),'Mesários'!$J$2:$J$113,0)),"") | D50: =IFERROR(CHOOSE(MATCH(INDEX('Mesários'!$I$2:$I$113,MATCH(SMALL('Mesários'!$J$2:$J$113,49),'Mesários'!$J$2:$J$113,0)),{"Confirmar","Não deve comparecer","Vago"},0),"Contatar para confirmar presença","Recrutar substituto","Recrutar mesário (função vaga)"),"")
A51: =IFERROR(INDEX('Mesários'!$A$2:$A$113,MATCH(SMALL('Mesários'!$J$2:$J$113,50),'Mesários'!$J$2:$J$113,0)),"") | B51: =IFERROR(INDEX('Mesários'!$B$2:$B$113,MATCH(SMALL('Mesários'!$J$2:$J$113,50),'Mesários'!$J$2:$J$113,0)),"") | C51: =IFERROR(INDEX('Mesários'!$C$2:$C$113,MATCH(SMALL('Mesários'!$J$2:$J$113,50),'Mesários'!$J$2:$J$113,0)),"") | D51: =IFERROR(CHOOSE(MATCH(INDEX('Mesários'!$I$2:$I$113,MATCH(SMALL('Mesários'!$J$2:$J$113,50),'Mesários'!$J$2:$J$113,0)),{"Confirmar","Não deve comparecer","Vago"},0),"Contatar para confirmar presença","Recrutar substituto","Recrutar mesário (função vaga)"),"")
A52: =IFERROR(INDEX('Mesários'!$A$2:$A$113,MATCH(SMALL('Mesários'!$J$2:$J$113,51),'Mesários'!$J$2:$J$113,0)),"") | B52: =IFERROR(INDEX('Mesários'!$B$2:$B$113,MATCH(SMALL('Mesários'!$J$2:$J$113,51),'Mesários'!$J$2:$J$113,0)),"") | C52: =IFERROR(INDEX('Mesários'!$C$2:$C$113,MATCH(SMALL('Mesários'!$J$2:$J$113,51),'Mesários'!$J$2:$J$113,0)),"") | D52: =IFERROR(CHOOSE(MATCH(INDEX('Mesários'!$I$2:$I$113,MATCH(SMALL('Mesários'!$J$2:$J$113,51),'Mesários'!$J$2:$J$113,0)),{"Confirmar","Não deve comparecer","Vago"},0),"Contatar para confirmar presença","Recrutar substituto","Recrutar mesário (função vaga)"),"")
A53: =IFERROR(INDEX('Mesários'!$A$2:$A$113,MATCH(SMALL('Mesários'!$J$2:$J$113,52),'Mesários'!$J$2:$J$113,0)),"") | B53: =IFERROR(INDEX('Mesários'!$B$2:$B$113,MATCH(SMALL('Mesários'!$J$2:$J$113,52),'Mesários'!$J$2:$J$113,0)),"") | C53: =IFERROR(INDEX('Mesários'!$C$2:$C$113,MATCH(SMALL('Mesários'!$J$2:$J$113,52),'Mesários'!$J$2:$J$113,0)),"") | D53: =IFERROR(CHOOSE(MATCH(INDEX('Mesários'!$I$2:$I$113,MATCH(SMALL('Mesários'!$J$2:$J$113,52),'Mesários'!$J$2:$J$113,0)),{"Confirmar","Não deve comparecer","Vago"},0),"Contatar para confirmar presença","Recrutar substituto","Recrutar mesário (função vaga)"),"")
A54: =IFERROR(INDEX('Mesários'!$A$2:$A$113,MATCH(SMALL('Mesários'!$J$2:$J$113,53),'Mesários'!$J$2:$J$113,0)),"") | B54: =IFERROR(INDEX('Mesários'!$B$2:$B$113,MATCH(SMALL('Mesários'!$J$2:$J$113,53),'Mesários'!$J$2:$J$113,0)),"") | C54: =IFERROR(INDEX('Mesários'!$C$2:$C$113,MATCH(SMALL('Mesários'!$J$2:$J$113,53),'Mesários'!$J$2:$J$113,0)),"") | D54: =IFERROR(CHOOSE(MATCH(INDEX('Mesários'!$I$2:$I$113,MATCH(SMALL('Mesários'!$J$2:$J$113,53),'Mesários'!$J$2:$J$113,0)),{"Confirmar","Não deve comparecer","Vago"},0),"Contatar para confirmar presença","Recrutar substituto","Recrutar mesário (função vaga)"),"")
A55: =IFERROR(INDEX('Mesários'!$A$2:$A$113,MATCH(SMALL('Mesários'!$J$2:$J$113,54),'Mesários'!$J$2:$J$113,0)),"") | B55: =IFERROR(INDEX('Mesários'!$B$2:$B$113,MATCH(SMALL('Mesários'!$J$2:$J$113,54),'Mesários'!$J$2:$J$113,0)),"") | C55: =IFERROR(INDEX('Mesários'!$C$2:$C$113,MATCH(SMALL('Mesários'!$J$2:$J$113,54),'Mesários'!$J$2:$J$113,0)),"") | D55: =IFERROR(CHOOSE(MATCH(INDEX('Mesários'!$I$2:$I$113,MATCH(SMALL('Mesários'!$J$2:$J$113,54),'Mesários'!$J$2:$J$113,0)),{"Confirmar","Não deve comparecer","Vago"},0),"Contatar para confirmar presença","Recrutar substituto","Recrutar mesário (função vaga)"),"")
A56: =IFERROR(INDEX('Mesários'!$A$2:$A$113,MATCH(SMALL('Mesários'!$J$2:$J$113,55),'Mesários'!$J$2:$J$113,0)),"") | B56: =IFERROR(INDEX('Mesários'!$B$2:$B$113,MATCH(SMALL('Mesários'!$J$2:$J$113,55),'Mesários'!$J$2:$J$113,0)),"") | C56: =IFERROR(INDEX('Mesários'!$C$2:$C$113,MATCH(SMALL('Mesários'!$J$2:$J$113,55),'Mesários'!$J$2:$J$113,0)),"") | D56: =IFERROR(CHOOSE(MATCH(INDEX('Mesários'!$I$2:$I$113,MATCH(SMALL('Mesários'!$J$2:$J$113,55),'Mesários'!$J$2:$J$113,0)),{"Confirmar","Não deve comparecer","Vago"},0),"Contatar para confirmar presença","Recrutar substituto","Recrutar mesário (função vaga)"),"")
A57: =IFERROR(INDEX('Mesários'!$A$2:$A$113,MATCH(SMALL('Mesários'!$J$2:$J$113,56),'Mesários'!$J$2:$J$113,0)),"") | B57: =IFERROR(INDEX('Mesários'!$B$2:$B$113,MATCH(SMALL('Mesários'!$J$2:$J$113,56),'Mesários'!$J$2:$J$113,0)),"") | C57: =IFERROR(INDEX('Mesários'!$C$2:$C$113,MATCH(SMALL('Mesários'!$J$2:$J$113,56),'Mesários'!$J$2:$J$113,0)),"") | D57: =IFERROR(CHOOSE(MATCH(INDEX('Mesários'!$I$2:$I$113,MATCH(SMALL('Mesários'!$J$2:$J$113,56),'Mesários'!$J$2:$J$113,0)),{"Confirmar","Não deve comparecer","Vago"},0),"Contatar para confirmar presença","Recrutar substituto","Recrutar mesário (função vaga)"),"")
A58: =IFERROR(INDEX('Mesários'!$A$2:$A$113,MATCH(SMALL('Mesários'!$J$2:$J$113,57),'Mesários'!$J$2:$J$113,0)),"") | B58: =IFERROR(INDEX('Mesários'!$B$2:$B$113,MATCH(SMALL('Mesários'!$J$2:$J$113,57),'Mesários'!$J$2:$J$113,0)),"") | C58: =IFERROR(INDEX('Mesários'!$C$2:$C$113,MATCH(SMALL('Mesários'!$J$2:$J$113,57),'Mesários'!$J$2:$J$113,0)),"") | D58: =IFERROR(CHOOSE(MATCH(INDEX('Mesários'!$I$2:$I$113,MATCH(SMALL('Mesários'!$J$2:$J$113,57),'Mesários'!$J$2:$J$113,0)),{"Confirmar","Não deve comparecer","Vago"},0),"Contatar para confirmar presença","Recrutar substituto","Recrutar mesário (função vaga)"),"")
A59: =IFERROR(INDEX('Mesários'!$A$2:$A$113,MATCH(SMALL('Mesários'!$J$2:$J$113,58),'Mesários'!$J$2:$J$113,0)),"") | B59: =IFERROR(INDEX('Mesários'!$B$2:$B$113,MATCH(SMALL('Mesários'!$J$2:$J$113,58),'Mesários'!$J$2:$J$113,0)),"") | C59: =IFERROR(INDEX('Mesários'!$C$2:$C$113,MATCH(SMALL('Mesários'!$J$2:$J$113,58),'Mesários'!$J$2:$J$113,0)),"") | D59: =IFERROR(CHOOSE(MATCH(INDEX('Mesários'!$I$2:$I$113,MATCH(SMALL('Mesários'!$J$2:$J$113,58),'Mesários'!$J$2:$J$113,0)),{"Confirmar","Não deve comparecer","Vago"},0),"Contatar para confirmar presença","Recrutar substituto","Recrutar mesário (função vaga)"),"")
A60: =IFERROR(INDEX('Mesários'!$A$2:$A$113,MATCH(SMALL('Mesários'!$J$2:$J$113,59),'Mesários'!$J$2:$J$113,0)),"") | B60: =IFERROR(INDEX('Mesários'!$B$2:$B$113,MATCH(SMALL('Mesários'!$J$2:$J$113,59),'Mesários'!$J$2:$J$113,0)),"") | C60: =IFERROR(INDEX('Mesários'!$C$2:$C$113,MATCH(SMALL('Mesários'!$J$2:$J$113,59),'Mesários'!$J$2:$J$113,0)),"") | D60: =IFERROR(CHOOSE(MATCH(INDEX('Mesários'!$I$2:$I$113,MATCH(SMALL('Mesários'!$J$2:$J$113,59),'Mesários'!$J$2:$J$113,0)),{"Confirmar","Não deve comparecer","Vago"},0),"Contatar para confirmar presença","Recrutar substituto","Recrutar mesário (função vaga)"),"")
A61: =IFERROR(INDEX('Mesários'!$A$2:$A$113,MATCH(SMALL('Mesários'!$J$2:$J$113,60),'Mesários'!$J$2:$J$113,0)),"") | B61: =IFERROR(INDEX('Mesários'!$B$2:$B$113,MATCH(SMALL('Mesários'!$J$2:$J$113,60),'Mesários'!$J$2:$J$113,0)),"") | C61: =IFERROR(INDEX('Mesários'!$C$2:$C$113,MATCH(SMALL('Mesários'!$J$2:$J$113,60),'Mesários'!$J$2:$J$113,0)),"") | D61: =IFERROR(CHOOSE(MATCH(INDEX('Mesários'!$I$2:$I$113,MATCH(SMALL('Mesários'!$J$2:$J$113,60),'Mesários'!$J$2:$J$113,0)),{"Confirmar","Não deve comparecer","Vago"},0),"Contatar para confirmar presença","Recrutar substituto","Recrutar mesário (função vaga)"),"")
A62: =IFERROR(INDEX('Mesários'!$A$2:$A$113,MATCH(SMALL('Mesários'!$J$2:$J$113,61),'Mesários'!$J$2:$J$113,0)),"") | B62: =IFERROR(INDEX('Mesários'!$B$2:$B$113,MATCH(SMALL('Mesários'!$J$2:$J$113,61),'Mesários'!$J$2:$J$113,0)),"") | C62: =IFERROR(INDEX('Mesários'!$C$2:$C$113,MATCH(SMALL('Mesários'!$J$2:$J$113,61),'Mesários'!$J$2:$J$113,0)),"") | D62: =IFERROR(CHOOSE(MATCH(INDEX('Mesários'!$I$2:$I$113,MATCH(SMALL('Mesários'!$J$2:$J$113,61),'Mesários'!$J$2:$J$113,0)),{"Confirmar","Não deve comparecer","Vago"},0),"Contatar para confirmar presença","Recrutar substituto","Recrutar mesário (função vaga)"),"")
A63: =IFERROR(INDEX('Mesários'!$A$2:$A$113,MATCH(SMALL('Mesários'!$J$2:$J$113,62),'Mesários'!$J$2:$J$113,0)),"") | B63: =IFERROR(INDEX('Mesários'!$B$2:$B$113,MATCH(SMALL('Mesários'!$J$2:$J$113,62),'Mesários'!$J$2:$J$113,0)),"") | C63: =IFERROR(INDEX('Mesários'!$C$2:$C$113,MATCH(SMALL('Mesários'!$J$2:$J$113,62),'Mesários'!$J$2:$J$113,0)),"") | D63: =IFERROR(CHOOSE(MATCH(INDEX('Mesários'!$I$2:$I$113,MATCH(SMALL('Mesários'!$J$2:$J$113,62),'Mesários'!$J$2:$J$113,0)),{"Confirmar","Não deve comparecer","Vago"},0),"Contatar para confirmar presença","Recrutar substituto","Recrutar mesário (função vaga)"),"")
A64: =IFERROR(INDEX('Mesários'!$A$2:$A$113,MATCH(SMALL('Mesários'!$J$2:$J$113,63),'Mesários'!$J$2:$J$113,0)),"") | B64: =IFERROR(INDEX('Mesários'!$B$2:$B$113,MATCH(SMALL('Mesários'!$J$2:$J$113,63),'Mesários'!$J$2:$J$113,0)),"") | C64: =IFERROR(INDEX('Mesários'!$C$2:$C$113,MATCH(SMALL('Mesários'!$J$2:$J$113,63),'Mesários'!$J$2:$J$113,0)),"") | D64: =IFERROR(CHOOSE(MATCH(INDEX('Mesários'!$I$2:$I$113,MATCH(SMALL('Mesários'!$J$2:$J$113,63),'Mesários'!$J$2:$J$113,0)),{"Confirmar","Não deve comparecer","Vago"},0),"Contatar para confirmar presença","Recrutar substituto","Recrutar mesário (função vaga)"),"")
A65: =IFERROR(INDEX('Mesários'!$A$2:$A$113,MATCH(SMALL('Mesários'!$J$2:$J$113,64),'Mesários'!$J$2:$J$113,0)),"") | B65: =IFERROR(INDEX('Mesários'!$B$2:$B$113,MATCH(SMALL('Mesários'!$J$2:$J$113,64),'Mesários'!$J$2:$J$113,0)),"") | C65: =IFERROR(INDEX('Mesários'!$C$2:$C$113,MATCH(SMALL('Mesários'!$J$2:$J$113,64),'Mesários'!$J$2:$J$113,0)),"") | D65: =IFERROR(CHOOSE(MATCH(INDEX('Mesários'!$I$2:$I$113,MATCH(SMALL('Mesários'!$J$2:$J$113,64),'Mesários'!$J$2:$J$113,0)),{"Confirmar","Não deve comparecer","Vago"},0),"Contatar para confirmar presença","Recrutar substituto","Recrutar mesário (função vaga)"),"")
A66: =IFERROR(INDEX('Mesários'!$A$2:$A$113,MATCH(SMALL('Mesários'!$J$2:$J$113,65),'Mesários'!$J$2:$J$113,0)),"") | B66: =IFERROR(INDEX('Mesários'!$B$2:$B$113,MATCH(SMALL('Mesários'!$J$2:$J$113,65),'Mesários'!$J$2:$J$113,0)),"") | C66: =IFERROR(INDEX('Mesários'!$C$2:$C$113,MATCH(SMALL('Mesários'!$J$2:$J$113,65),'Mesários'!$J$2:$J$113,0)),"") | D66: =IFERROR(CHOOSE(MATCH(INDEX('Mesários'!$I$2:$I$113,MATCH(SMALL('Mesários'!$J$2:$J$113,65),'Mesários'!$J$2:$J$113,0)),{"Confirmar","Não deve comparecer","Vago"},0),"Contatar para confirmar presença","Recrutar substituto","Recrutar mesário (função vaga)"),"")
A67: =IFERROR(INDEX('Mesários'!$A$2:$A$113,MATCH(SMALL('Mesários'!$J$2:$J$113,66),'Mesários'!$J$2:$J$113,0)),"") | B67: =IFERROR(INDEX('Mesários'!$B$2:$B$113,MATCH(SMALL('Mesários'!$J$2:$J$113,66),'Mesários'!$J$2:$J$113,0)),"") | C67: =IFERROR(INDEX('Mesários'!$C$2:$C$113,MATCH(SMALL('Mesários'!$J$2:$J$113,66),'Mesários'!$J$2:$J$113,0)),"") | D67: =IFERROR(CHOOSE(MATCH(INDEX('Mesários'!$I$2:$I$113,MATCH(SMALL('Mesários'!$J$2:$J$113,66),'Mesários'!$J$2:$J$113,0)),{"Confirmar","Não deve comparecer","Vago"},0),"Contatar para confirmar presença","Recrutar substituto","Recrutar mesário (função vaga)"),"")
A68: =IFERROR(INDEX('Mesários'!$A$2:$A$113,MATCH(SMALL('Mesários'!$J$2:$J$113,67),'Mesários'!$J$2:$J$113,0)),"") | B68: =IFERROR(INDEX('Mesários'!$B$2:$B$113,MATCH(SMALL('Mesários'!$J$2:$J$113,67),'Mesários'!$J$2:$J$113,0)),"") | C68: =IFERROR(INDEX('Mesários'!$C$2:$C$113,MATCH(SMALL('Mesários'!$J$2:$J$113,67),'Mesários'!$J$2:$J$113,0)),"") | D68: =IFERROR(CHOOSE(MATCH(INDEX('Mesários'!$I$2:$I$113,MATCH(SMALL('Mesários'!$J$2:$J$113,67),'Mesários'!$J$2:$J$113,0)),{"Confirmar","Não deve comparecer","Vago"},0),"Contatar para confirmar presença","Recrutar substituto","Recrutar mesário (função vaga)"),"")
A69: =IFERROR(INDEX('Mesários'!$A$2:$A$113,MATCH(SMALL('Mesários'!$J$2:$J$113,68),'Mesários'!$J$2:$J$113,0)),"") | B69: =IFERROR(INDEX('Mesários'!$B$2:$B$113,MATCH(SMALL('Mesários'!$J$2:$J$113,68),'Mesários'!$J$2:$J$113,0)),"") | C69: =IFERROR(INDEX('Mesários'!$C$2:$C$113,MATCH(SMALL('Mesários'!$J$2:$J$113,68),'Mesários'!$J$2:$J$113,0)),"") | D69: =IFERROR(CHOOSE(MATCH(INDEX('Mesários'!$I$2:$I$113,MATCH(SMALL('Mesários'!$J$2:$J$113,68),'Mesários'!$J$2:$J$113,0)),{"Confirmar","Não deve comparecer","Vago"},0),"Contatar para confirmar presença","Recrutar substituto","Recrutar mesário (função vaga)"),"")
A70: =IFERROR(INDEX('Mesários'!$A$2:$A$113,MATCH(SMALL('Mesários'!$J$2:$J$113,69),'Mesários'!$J$2:$J$113,0)),"") | B70: =IFERROR(INDEX('Mesários'!$B$2:$B$113,MATCH(SMALL('Mesários'!$J$2:$J$113,69),'Mesários'!$J$2:$J$113,0)),"") | C70: =IFERROR(INDEX('Mesários'!$C$2:$C$113,MATCH(SMALL('Mesários'!$J$2:$J$113,69),'Mesários'!$J$2:$J$113,0)),"") | D70: =IFERROR(CHOOSE(MATCH(INDEX('Mesários'!$I$2:$I$113,MATCH(SMALL('Mesários'!$J$2:$J$113,69),'Mesários'!$J$2:$J$113,0)),{"Confirmar","Não deve comparecer","Vago"},0),"Contatar para confirmar presença","Recrutar substituto","Recrutar mesário (função vaga)"),"")
A71: =IFERROR(INDEX('Mesários'!$A$2:$A$113,MATCH(SMALL('Mesários'!$J$2:$J$113,70),'Mesários'!$J$2:$J$113,0)),"") | B71: =IFERROR(INDEX('Mesários'!$B$2:$B$113,MATCH(SMALL('Mesários'!$J$2:$J$113,70),'Mesários'!$J$2:$J$113,0)),"") | C71: =IFERROR(INDEX('Mesários'!$C$2:$C$113,MATCH(SMALL('Mesários'!$J$2:$J$113,70),'Mesários'!$J$2:$J$113,0)),"") | D71: =IFERROR(CHOOSE(MATCH(INDEX('Mesários'!$I$2:$I$113,MATCH(SMALL('Mesários'!$J$2:$J$113,70),'Mesários'!$J$2:$J$113,0)),{"Confirmar","Não deve comparecer","Vago"},0),"Contatar para confirmar presença","Recrutar substituto","Recrutar mesário (função vaga)"),"")
A72: =IFERROR(INDEX('Mesários'!$A$2:$A$113,MATCH(SMALL('Mesários'!$J$2:$J$113,71),'Mesários'!$J$2:$J$113,0)),"") | B72: =IFERROR(INDEX('Mesários'!$B$2:$B$113,MATCH(SMALL('Mesários'!$J$2:$J$113,71),'Mesários'!$J$2:$J$113,0)),"") | C72: =IFERROR(INDEX('Mesários'!$C$2:$C$113,MATCH(SMALL('Mesários'!$J$2:$J$113,71),'Mesários'!$J$2:$J$113,0)),"") | D72: =IFERROR(CHOOSE(MATCH(INDEX('Mesários'!$I$2:$I$113,MATCH(SMALL('Mesários'!$J$2:$J$113,71),'Mesários'!$J$2:$J$113,0)),{"Confirmar","Não deve comparecer","Vago"},0),"Contatar para confirmar presença","Recrutar substituto","Recrutar mesário (função vaga)"),"")
A73: =IFERROR(INDEX('Mesários'!$A$2:$A$113,MATCH(SMALL('Mesários'!$J$2:$J$113,72),'Mesários'!$J$2:$J$113,0)),"") | B73: =IFERROR(INDEX('Mesários'!$B$2:$B$113,MATCH(SMALL('Mesários'!$J$2:$J$113,72),'Mesários'!$J$2:$J$113,0)),"") | C73: =IFERROR(INDEX('Mesários'!$C$2:$C$113,MATCH(SMALL('Mesários'!$J$2:$J$113,72),'Mesários'!$J$2:$J$113,0)),"") | D73: =IFERROR(CHOOSE(MATCH(INDEX('Mesários'!$I$2:$I$113,MATCH(SMALL('Mesários'!$J$2:$J$113,72),'Mesários'!$J$2:$J$113,0)),{"Confirmar","Não deve comparecer","Vago"},0),"Contatar para confirmar presença","Recrutar substituto","Recrutar mesário (função vaga)"),"")
A74: =IFERROR(INDEX('Mesários'!$A$2:$A$113,MATCH(SMALL('Mesários'!$J$2:$J$113,73),'Mesários'!$J$2:$J$113,0)),"") | B74: =IFERROR(INDEX('Mesários'!$B$2:$B$113,MATCH(SMALL('Mesários'!$J$2:$J$113,73),'Mesários'!$J$2:$J$113,0)),"") | C74: =IFERROR(INDEX('Mesários'!$C$2:$C$113,MATCH(SMALL('Mesários'!$J$2:$J$113,73),'Mesários'!$J$2:$J$113,0)),"") | D74: =IFERROR(CHOOSE(MATCH(INDEX('Mesários'!$I$2:$I$113,MATCH(SMALL('Mesários'!$J$2:$J$113,73),'Mesários'!$J$2:$J$113,0)),{"Confirmar","Não deve comparecer","Vago"},0),"Contatar para confirmar presença","Recrutar substituto","Recrutar mesário (função vaga)"),"")
A75: =IFERROR(INDEX('Mesários'!$A$2:$A$113,MATCH(SMALL('Mesários'!$J$2:$J$113,74),'Mesários'!$J$2:$J$113,0)),"") | B75: =IFERROR(INDEX('Mesários'!$B$2:$B$113,MATCH(SMALL('Mesários'!$J$2:$J$113,74),'Mesários'!$J$2:$J$113,0)),"") | C75: =IFERROR(INDEX('Mesários'!$C$2:$C$113,MATCH(SMALL('Mesários'!$J$2:$J$113,74),'Mesários'!$J$2:$J$113,0)),"") | D75: =IFERROR(CHOOSE(MATCH(INDEX('Mesários'!$I$2:$I$113,MATCH(SMALL('Mesários'!$J$2:$J$113,74),'Mesários'!$J$2:$J$113,0)),{"Confirmar","Não deve comparecer","Vago"},0),"Contatar para confirmar presença","Recrutar substituto","Recrutar mesário (função vaga)"),"")
A76: =IFERROR(INDEX('Mesários'!$A$2:$A$113,MATCH(SMALL('Mesários'!$J$2:$J$113,75),'Mesários'!$J$2:$J$113,0)),"") | B76: =IFERROR(INDEX('Mesários'!$B$2:$B$113,MATCH(SMALL('Mesários'!$J$2:$J$113,75),'Mesários'!$J$2:$J$113,0)),"") | C76: =IFERROR(INDEX('Mesários'!$C$2:$C$113,MATCH(SMALL('Mesários'!$J$2:$J$113,75),'Mesários'!$J$2:$J$113,0)),"") | D76: =IFERROR(CHOOSE(MATCH(INDEX('Mesários'!$I$2:$I$113,MATCH(SMALL('Mesários'!$J$2:$J$113,75),'Mesários'!$J$2:$J$113,0)),{"Confirmar","Não deve comparecer","Vago"},0),"Contatar para confirmar presença","Recrutar substituto","Recrutar mesário (função vaga)"),"")
A77: =IFERROR(INDEX('Mesários'!$A$2:$A$113,MATCH(SMALL('Mesários'!$J$2:$J$113,76),'Mesários'!$J$2:$J$113,0)),"") | B77: =IFERROR(INDEX('Mesários'!$B$2:$B$113,MATCH(SMALL('Mesários'!$J$2:$J$113,76),'Mesários'!$J$2:$J$113,0)),"") | C77: =IFERROR(INDEX('Mesários'!$C$2:$C$113,MATCH(SMALL('Mesários'!$J$2:$J$113,76),'Mesários'!$J$2:$J$113,0)),"") | D77: =IFERROR(CHOOSE(MATCH(INDEX('Mesários'!$I$2:$I$113,MATCH(SMALL('Mesários'!$J$2:$J$113,76),'Mesários'!$J$2:$J$113,0)),{"Confirmar","Não deve comparecer","Vago"},0),"Contatar para confirmar presença","Recrutar substituto","Recrutar mesário (função vaga)"),"")
A78: =IFERROR(INDEX('Mesários'!$A$2:$A$113,MATCH(SMALL('Mesários'!$J$2:$J$113,77),'Mesários'!$J$2:$J$113,0)),"") | B78: =IFERROR(INDEX('Mesários'!$B$2:$B$113,MATCH(SMALL('Mesários'!$J$2:$J$113,77),'Mesários'!$J$2:$J$113,0)),"") | C78: =IFERROR(INDEX('Mesários'!$C$2:$C$113,MATCH(SMALL('Mesários'!$J$2:$J$113,77),'Mesários'!$J$2:$J$113,0)),"") | D78: =IFERROR(CHOOSE(MATCH(INDEX('Mesários'!$I$2:$I$113,MATCH(SMALL('Mesários'!$J$2:$J$113,77),'Mesários'!$J$2:$J$113,0)),{"Confirmar","Não deve comparecer","Vago"},0),"Contatar para confirmar presença","Recrutar substituto","Recrutar mesário (função vaga)"),"")
A79: =IFERROR(INDEX('Mesários'!$A$2:$A$113,MATCH(SMALL('Mesários'!$J$2:$J$113,78),'Mesários'!$J$2:$J$113,0)),"") | B79: =IFERROR(INDEX('Mesários'!$B$2:$B$113,MATCH(SMALL('Mesários'!$J$2:$J$113,78),'Mesários'!$J$2:$J$113,0)),"") | C79: =IFERROR(INDEX('Mesários'!$C$2:$C$113,MATCH(SMALL('Mesários'!$J$2:$J$113,78),'Mesários'!$J$2:$J$113,0)),"") | D79: =IFERROR(CHOOSE(MATCH(INDEX('Mesários'!$I$2:$I$113,MATCH(SMALL('Mesários'!$J$2:$J$113,78),'Mesários'!$J$2:$J$113,0)),{"Confirmar","Não deve comparecer","Vago"},0),"Contatar para confirmar presença","Recrutar substituto","Recrutar mesário (função vaga)"),"")
A80: =IFERROR(INDEX('Mesários'!$A$2:$A$113,MATCH(SMALL('Mesários'!$J$2:$J$113,79),'Mesários'!$J$2:$J$113,0)),"") | B80: =IFERROR(INDEX('Mesários'!$B$2:$B$113,MATCH(SMALL('Mesários'!$J$2:$J$113,79),'Mesários'!$J$2:$J$113,0)),"") | C80: =IFERROR(INDEX('Mesários'!$C$2:$C$113,MATCH(SMALL('Mesários'!$J$2:$J$113,79),'Mesários'!$J$2:$J$113,0)),"") | D80: =IFERROR(CHOOSE(MATCH(INDEX('Mesários'!$I$2:$I$113,MATCH(SMALL('Mesários'!$J$2:$J$113,79),'Mesários'!$J$2:$J$113,0)),{"Confirmar","Não deve comparecer","Vago"},0),"Contatar para confirmar presença","Recrutar substituto","Recrutar mesário (função vaga)"),"")
A81: =IFERROR(INDEX('Mesários'!$A$2:$A$113,MATCH(SMALL('Mesários'!$J$2:$J$113,80),'Mesários'!$J$2:$J$113,0)),"") | B81: =IFERROR(INDEX('Mesários'!$B$2:$B$113,MATCH(SMALL('Mesários'!$J$2:$J$113,80),'Mesários'!$J$2:$J$113,0)),"") | C81: =IFERROR(INDEX('Mesários'!$C$2:$C$113,MATCH(SMALL('Mesários'!$J$2:$J$113,80),'Mesários'!$J$2:$J$113,0)),"") | D81: =IFERROR(CHOOSE(MATCH(INDEX('Mesários'!$I$2:$I$113,MATCH(SMALL('Mesários'!$J$2:$J$113,80),'Mesários'!$J$2:$J$113,0)),{"Confirmar","Não deve comparecer","Vago"},0),"Contatar para confirmar presença","Recrutar substituto","Recrutar mesário (função vaga)"),"")
A82: =IFERROR(INDEX('Mesários'!$A$2:$A$113,MATCH(SMALL('Mesários'!$J$2:$J$113,81),'Mesários'!$J$2:$J$113,0)),"") | B82: =IFERROR(INDEX('Mesários'!$B$2:$B$113,MATCH(SMALL('Mesários'!$J$2:$J$113,81),'Mesários'!$J$2:$J$113,0)),"") | C82: =IFERROR(INDEX('Mesários'!$C$2:$C$113,MATCH(SMALL('Mesários'!$J$2:$J$113,81),'Mesários'!$J$2:$J$113,0)),"") | D82: =IFERROR(CHOOSE(MATCH(INDEX('Mesários'!$I$2:$I$113,MATCH(SMALL('Mesários'!$J$2:$J$113,81),'Mesários'!$J$2:$J$113,0)),{"Confirmar","Não deve comparecer","Vago"},0),"Contatar para confirmar presença","Recrutar substituto","Recrutar mesário (função vaga)"),"")
A83: =IFERROR(INDEX('Mesários'!$A$2:$A$113,MATCH(SMALL('Mesários'!$J$2:$J$113,82),'Mesários'!$J$2:$J$113,0)),"") | B83: =IFERROR(INDEX('Mesários'!$B$2:$B$113,MATCH(SMALL('Mesários'!$J$2:$J$113,82),'Mesários'!$J$2:$J$113,0)),"") | C83: =IFERROR(INDEX('Mesários'!$C$2:$C$113,MATCH(SMALL('Mesários'!$J$2:$J$113,82),'Mesários'!$J$2:$J$113,0)),"") | D83: =IFERROR(CHOOSE(MATCH(INDEX('Mesários'!$I$2:$I$113,MATCH(SMALL('Mesários'!$J$2:$J$113,82),'Mesários'!$J$2:$J$113,0)),{"Confirmar","Não deve comparecer","Vago"},0),"Contatar para confirmar presença","Recrutar substituto","Recrutar mesário (função vaga)"),"")
A84: =IFERROR(INDEX('Mesários'!$A$2:$A$113,MATCH(SMALL('Mesários'!$J$2:$J$113,83),'Mesários'!$J$2:$J$113,0)),"") | B84: =IFERROR(INDEX('Mesários'!$B$2:$B$113,MATCH(SMALL('Mesários'!$J$2:$J$113,83),'Mesários'!$J$2:$J$113,0)),"") | C84: =IFERROR(INDEX('Mesários'!$C$2:$C$113,MATCH(SMALL('Mesários'!$J$2:$J$113,83),'Mesários'!$J$2:$J$113,0)),"") | D84: =IFERROR(CHOOSE(MATCH(INDEX('Mesários'!$I$2:$I$113,MATCH(SMALL('Mesários'!$J$2:$J$113,83),'Mesários'!$J$2:$J$113,0)),{"Confirmar","Não deve comparecer","Vago"},0),"Contatar para confirmar presença","Recrutar substituto","Recrutar mesário (função vaga)"),"")
A85: =IFERROR(INDEX('Mesários'!$A$2:$A$113,MATCH(SMALL('Mesários'!$J$2:$J$113,84),'Mesários'!$J$2:$J$113,0)),"") | B85: =IFERROR(INDEX('Mesários'!$B$2:$B$113,MATCH(SMALL('Mesários'!$J$2:$J$113,84),'Mesários'!$J$2:$J$113,0)),"") | C85: =IFERROR(INDEX('Mesários'!$C$2:$C$113,MATCH(SMALL('Mesários'!$J$2:$J$113,84),'Mesários'!$J$2:$J$113,0)),"") | D85: =IFERROR(CHOOSE(MATCH(INDEX('Mesários'!$I$2:$I$113,MATCH(SMALL('Mesários'!$J$2:$J$113,84),'Mesários'!$J$2:$J$113,0)),{"Confirmar","Não deve comparecer","Vago"},0),"Contatar para confirmar presença","Recrutar substituto","Recrutar mesário (função vaga)"),"")
A86: =IFERROR(INDEX('Mesários'!$A$2:$A$113,MATCH(SMALL('Mesários'!$J$2:$J$113,85),'Mesários'!$J$2:$J$113,0)),"") | B86: =IFERROR(INDEX('Mesários'!$B$2:$B$113,MATCH(SMALL('Mesários'!$J$2:$J$113,85),'Mesários'!$J$2:$J$113,0)),"") | C86: =IFERROR(INDEX('Mesários'!$C$2:$C$113,MATCH(SMALL('Mesários'!$J$2:$J$113,85),'Mesários'!$J$2:$J$113,0)),"") | D86: =IFERROR(CHOOSE(MATCH(INDEX('Mesários'!$I$2:$I$113,MATCH(SMALL('Mesários'!$J$2:$J$113,85),'Mesários'!$J$2:$J$113,0)),{"Confirmar","Não deve comparecer","Vago"},0),"Contatar para confirmar presença","Recrutar substituto","Recrutar mesário (função vaga)"),"")
A87: =IFERROR(INDEX('Mesários'!$A$2:$A$113,MATCH(SMALL('Mesários'!$J$2:$J$113,86),'Mesários'!$J$2:$J$113,0)),"") | B87: =IFERROR(INDEX('Mesários'!$B$2:$B$113,MATCH(SMALL('Mesários'!$J$2:$J$113,86),'Mesários'!$J$2:$J$113,0)),"") | C87: =IFERROR(INDEX('Mesários'!$C$2:$C$113,MATCH(SMALL('Mesários'!$J$2:$J$113,86),'Mesários'!$J$2:$J$113,0)),"") | D87: =IFERROR(CHOOSE(MATCH(INDEX('Mesários'!$I$2:$I$113,MATCH(SMALL('Mesários'!$J$2:$J$113,86),'Mesários'!$J$2:$J$113,0)),{"Confirmar","Não deve comparecer","Vago"},0),"Contatar para confirmar presença","Recrutar substituto","Recrutar mesário (função vaga)"),"")
A88: =IFERROR(INDEX('Mesários'!$A$2:$A$113,MATCH(SMALL('Mesários'!$J$2:$J$113,87),'Mesários'!$J$2:$J$113,0)),"") | B88: =IFERROR(INDEX('Mesários'!$B$2:$B$113,MATCH(SMALL('Mesários'!$J$2:$J$113,87),'Mesários'!$J$2:$J$113,0)),"") | C88: =IFERROR(INDEX('Mesários'!$C$2:$C$113,MATCH(SMALL('Mesários'!$J$2:$J$113,87),'Mesários'!$J$2:$J$113,0)),"") | D88: =IFERROR(CHOOSE(MATCH(INDEX('Mesários'!$I$2:$I$113,MATCH(SMALL('Mesários'!$J$2:$J$113,87),'Mesários'!$J$2:$J$113,0)),{"Confirmar","Não deve comparecer","Vago"},0),"Contatar para confirmar presença","Recrutar substituto","Recrutar mesário (função vaga)"),"")
A89: =IFERROR(INDEX('Mesários'!$A$2:$A$113,MATCH(SMALL('Mesários'!$J$2:$J$113,88),'Mesários'!$J$2:$J$113,0)),"") | B89: =IFERROR(INDEX('Mesários'!$B$2:$B$113,MATCH(SMALL('Mesários'!$J$2:$J$113,88),'Mesários'!$J$2:$J$113,0)),"") | C89: =IFERROR(INDEX('Mesários'!$C$2:$C$113,MATCH(SMALL('Mesários'!$J$2:$J$113,88),'Mesários'!$J$2:$J$113,0)),"") | D89: =IFERROR(CHOOSE(MATCH(INDEX('Mesários'!$I$2:$I$113,MATCH(SMALL('Mesários'!$J$2:$J$113,88),'Mesários'!$J$2:$J$113,0)),{"Confirmar","Não deve comparecer","Vago"},0),"Contatar para confirmar presença","Recrutar substituto","Recrutar mesário (função vaga)"),"")
A90: =IFERROR(INDEX('Mesários'!$A$2:$A$113,MATCH(SMALL('Mesários'!$J$2:$J$113,89),'Mesários'!$J$2:$J$113,0)),"") | B90: =IFERROR(INDEX('Mesários'!$B$2:$B$113,MATCH(SMALL('Mesários'!$J$2:$J$113,89),'Mesários'!$J$2:$J$113,0)),"") | C90: =IFERROR(INDEX('Mesários'!$C$2:$C$113,MATCH(SMALL('Mesários'!$J$2:$J$113,89),'Mesários'!$J$2:$J$113,0)),"") | D90: =IFERROR(CHOOSE(MATCH(INDEX('Mesários'!$I$2:$I$113,MATCH(SMALL('Mesários'!$J$2:$J$113,89),'Mesários'!$J$2:$J$113,0)),{"Confirmar","Não deve comparecer","Vago"},0),"Contatar para confirmar presença","Recrutar substituto","Recrutar mesário (função vaga)"),"")
A91: =IFERROR(INDEX('Mesários'!$A$2:$A$113,MATCH(SMALL('Mesários'!$J$2:$J$113,90),'Mesários'!$J$2:$J$113,0)),"") | B91: =IFERROR(INDEX('Mesários'!$B$2:$B$113,MATCH(SMALL('Mesários'!$J$2:$J$113,90),'Mesários'!$J$2:$J$113,0)),"") | C91: =IFERROR(INDEX('Mesários'!$C$2:$C$113,MATCH(SMALL('Mesários'!$J$2:$J$113,90),'Mesários'!$J$2:$J$113,0)),"") | D91: =IFERROR(CHOOSE(MATCH(INDEX('Mesários'!$I$2:$I$113,MATCH(SMALL('Mesários'!$J$2:$J$113,90),'Mesários'!$J$2:$J$113,0)),{"Confirmar","Não deve comparecer","Vago"},0),"Contatar para confirmar presença","Recrutar substituto","Recrutar mesário (função vaga)"),"")
A92: =IFERROR(INDEX('Mesários'!$A$2:$A$113,MATCH(SMALL('Mesários'!$J$2:$J$113,91),'Mesários'!$J$2:$J$113,0)),"") | B92: =IFERROR(INDEX('Mesários'!$B$2:$B$113,MATCH(SMALL('Mesários'!$J$2:$J$113,91),'Mesários'!$J$2:$J$113,0)),"") | C92: =IFERROR(INDEX('Mesários'!$C$2:$C$113,MATCH(SMALL('Mesários'!$J$2:$J$113,91),'Mesários'!$J$2:$J$113,0)),"") | D92: =IFERROR(CHOOSE(MATCH(INDEX('Mesários'!$I$2:$I$113,MATCH(SMALL('Mesários'!$J$2:$J$113,91),'Mesários'!$J$2:$J$113,0)),{"Confirmar","Não deve comparecer","Vago"},0),"Contatar para confirmar presença","Recrutar substituto","Recrutar mesário (função vaga)"),"")
A93: =IFERROR(INDEX('Mesários'!$A$2:$A$113,MATCH(SMALL('Mesários'!$J$2:$J$113,92),'Mesários'!$J$2:$J$113,0)),"") | B93: =IFERROR(INDEX('Mesários'!$B$2:$B$113,MATCH(SMALL('Mesários'!$J$2:$J$113,92),'Mesários'!$J$2:$J$113,0)),"") | C93: =IFERROR(INDEX('Mesários'!$C$2:$C$113,MATCH(SMALL('Mesários'!$J$2:$J$113,92),'Mesários'!$J$2:$J$113,0)),"") | D93: =IFERROR(CHOOSE(MATCH(INDEX('Mesários'!$I$2:$I$113,MATCH(SMALL('Mesários'!$J$2:$J$113,92),'Mesários'!$J$2:$J$113,0)),{"Confirmar","Não deve comparecer","Vago"},0),"Contatar para confirmar presença","Recrutar substituto","Recrutar mesário (função vaga)"),"")
A94: =IFERROR(INDEX('Mesários'!$A$2:$A$113,MATCH(SMALL('Mesários'!$J$2:$J$113,93),'Mesários'!$J$2:$J$113,0)),"") | B94: =IFERROR(INDEX('Mesários'!$B$2:$B$113,MATCH(SMALL('Mesários'!$J$2:$J$113,93),'Mesários'!$J$2:$J$113,0)),"") | C94: =IFERROR(INDEX('Mesários'!$C$2:$C$113,MATCH(SMALL('Mesários'!$J$2:$J$113,93),'Mesários'!$J$2:$J$113,0)),"") | D94: =IFERROR(CHOOSE(MATCH(INDEX('Mesários'!$I$2:$I$113,MATCH(SMALL('Mesários'!$J$2:$J$113,93),'Mesários'!$J$2:$J$113,0)),{"Confirmar","Não deve comparecer","Vago"},0),"Contatar para confirmar presença","Recrutar substituto","Recrutar mesário (função vaga)"),"")
A95: =IFERROR(INDEX('Mesários'!$A$2:$A$113,MATCH(SMALL('Mesários'!$J$2:$J$113,94),'Mesários'!$J$2:$J$113,0)),"") | B95: =IFERROR(INDEX('Mesários'!$B$2:$B$113,MATCH(SMALL('Mesários'!$J$2:$J$113,94),'Mesários'!$J$2:$J$113,0)),"") | C95: =IFERROR(INDEX('Mesários'!$C$2:$C$113,MATCH(SMALL('Mesários'!$J$2:$J$113,94),'Mesários'!$J$2:$J$113,0)),"") | D95: =IFERROR(CHOOSE(MATCH(INDEX('Mesários'!$I$2:$I$113,MATCH(SMALL('Mesários'!$J$2:$J$113,94),'Mesários'!$J$2:$J$113,0)),{"Confirmar","Não deve comparecer","Vago"},0),"Contatar para confirmar presença","Recrutar substituto","Recrutar mesário (função vaga)"),"")
A96: =IFERROR(INDEX('Mesários'!$A$2:$A$113,MATCH(SMALL('Mesários'!$J$2:$J$113,95),'Mesários'!$J$2:$J$113,0)),"") | B96: =IFERROR(INDEX('Mesários'!$B$2:$B$113,MATCH(SMALL('Mesários'!$J$2:$J$113,95),'Mesários'!$J$2:$J$113,0)),"") | C96: =IFERROR(INDEX('Mesários'!$C$2:$C$113,MATCH(SMALL('Mesários'!$J$2:$J$113,95),'Mesários'!$J$2:$J$113,0)),"") | D96: =IFERROR(CHOOSE(MATCH(INDEX('Mesários'!$I$2:$I$113,MATCH(SMALL('Mesários'!$J$2:$J$113,95),'Mesários'!$J$2:$J$113,0)),{"Confirmar","Não deve comparecer","Vago"},0),"Contatar para confirmar presença","Recrutar substituto","Recrutar mesário (função vaga)"),"")
A97: =IFERROR(INDEX('Mesários'!$A$2:$A$113,MATCH(SMALL('Mesários'!$J$2:$J$113,96),'Mesários'!$J$2:$J$113,0)),"") | B97: =IFERROR(INDEX('Mesários'!$B$2:$B$113,MATCH(SMALL('Mesários'!$J$2:$J$113,96),'Mesários'!$J$2:$J$113,0)),"") | C97: =IFERROR(INDEX('Mesários'!$C$2:$C$113,MATCH(SMALL('Mesários'!$J$2:$J$113,96),'Mesários'!$J$2:$J$113,0)),"") | D97: =IFERROR(CHOOSE(MATCH(INDEX('Mesários'!$I$2:$I$113,MATCH(SMALL('Mesários'!$J$2:$J$113,96),'Mesários'!$J$2:$J$113,0)),{"Confirmar","Não deve comparecer","Vago"},0),"Contatar para confirmar presença","Recrutar substituto","Recrutar mesário (função vaga)"),"")
A98: =IFERROR(INDEX('Mesários'!$A$2:$A$113,MATCH(SMALL('Mesários'!$J$2:$J$113,97),'Mesários'!$J$2:$J$113,0)),"") | B98: =IFERROR(INDEX('Mesários'!$B$2:$B$113,MATCH(SMALL('Mesários'!$J$2:$J$113,97),'Mesários'!$J$2:$J$113,0)),"") | C98: =IFERROR(INDEX('Mesários'!$C$2:$C$113,MATCH(SMALL('Mesários'!$J$2:$J$113,97),'Mesários'!$J$2:$J$113,0)),"") | D98: =IFERROR(CHOOSE(MATCH(INDEX('Mesários'!$I$2:$I$113,MATCH(SMALL('Mesários'!$J$2:$J$113,97),'Mesários'!$J$2:$J$113,0)),{"Confirmar","Não deve comparecer","Vago"},0),"Contatar para confirmar presença","Recrutar substituto","Recrutar mesário (função vaga)"),"")
A99: =IFERROR(INDEX('Mesários'!$A$2:$A$113,MATCH(SMALL('Mesários'!$J$2:$J$113,98),'Mesários'!$J$2:$J$113,0)),"") | B99: =IFERROR(INDEX('Mesários'!$B$2:$B$113,MATCH(SMALL('Mesários'!$J$2:$J$113,98),'Mesários'!$J$2:$J$113,0)),"") | C99: =IFERROR(INDEX('Mesários'!$C$2:$C$113,MATCH(SMALL('Mesários'!$J$2:$J$113,98),'Mesários'!$J$2:$J$113,0)),"") | D99: =IFERROR(CHOOSE(MATCH(INDEX('Mesários'!$I$2:$I$113,MATCH(SMALL('Mesários'!$J$2:$J$113,98),'Mesários'!$J$2:$J$113,0)),{"Confirmar","Não deve comparecer","Vago"},0),"Contatar para confirmar presença","Recrutar substituto","Recrutar mesário (função vaga)"),"")
A100: =IFERROR(INDEX('Mesários'!$A$2:$A$113,MATCH(SMALL('Mesários'!$J$2:$J$113,99),'Mesários'!$J$2:$J$113,0)),"") | B100: =IFERROR(INDEX('Mesários'!$B$2:$B$113,MATCH(SMALL('Mesários'!$J$2:$J$113,99),'Mesários'!$J$2:$J$113,0)),"") | C100: =IFERROR(INDEX('Mesários'!$C$2:$C$113,MATCH(SMALL('Mesários'!$J$2:$J$113,99),'Mesários'!$J$2:$J$113,0)),"") | D100: =IFERROR(CHOOSE(MATCH(INDEX('Mesários'!$I$2:$I$113,MATCH(SMALL('Mesários'!$J$2:$J$113,99),'Mesários'!$J$2:$J$113,0)),{"Confirmar","Não deve comparecer","Vago"},0),"Contatar para confirmar presença","Recrutar substituto","Recrutar mesário (função vaga)"),"")
...

Sheet Por seção
A1: Seção | B1: Aptos (BU) | C1: Comparecimento efetivo (BU) | D1: Posição (efetivo) | E1: Faixa efetiva
A2: 3315 | B2: 790 | C2: 536 | D2: 1 | E2: Alto
A3: 3322 | B3: 792 | C3: 503 | D3: 2 | E3: Alto
A4: 3313 | B4: 792 | C4: 492 | D4: 3 | E4: Alto
A5: 3311 | B5: 626 | C5: 384 | D5: 4 | E5: Médio
A6: 3302 | B6: 763 | C6: 373 | D6: 5 | E6: Médio
A7: 3179 | B7: 670 | C7: 349 | D7: 6 | E7: Médio
A8: 3306 | B8: 761 | C8: 345 | D8: 7 | E8: Médio
A9: 3161 | B9: 787 | C9: 328 | D9: 8 | E9: Baixo
A10: 3245 | B10: 778 | C10: 322 | D10: 9 | E10: Baixo
A11: 3108 | B11: 752 | C11: 320 | D11: 10 | E11: Baixo
A12: 3142 | B12: 787 | C12: 318 | D12: 11 | E12: Baixo
A13: 3229 | B13: 601 | C13: 318 | D13: 12 | E13: Baixo
... A29: 3442 | B29: 397 | C29: 134 | D29: 28 | E29: Baixo
A31: Boletins de Urna do 1º turno (04/10/2026), da aba 'Por secao' de 2026.10.12_Mesários_Seções_Atualizadas. Posição = ordem pelo comparecimento efetivo. Faixa efetiva: as 3 maiores = Alto; efetivo ≥ 329 = Médio; abaixo = Baixo. A posição define a ordem da aba 'Funções a preencher'.
